UNIQUE_ID,COLLISION_ID,CRASH_DATE,CRASH_TIME,VEHICLE_ID,VEHICLE_TYPE,VEHICLE_MAKE,VEHICLE_MODEL,VEHICLE_YEAR,VEHICLE_OCCUPANTS,DRIVER_LICENSE_STATUS,PRE_CRASH_NUM,POINT_OF_IMPACT,VEHICLE_DAMAGE,VEHICLE_DAMAGE_1,VEHICLE_DAMAGE_2,VEHICLE_DAMAGE_3,PUBLIC_PROPERTY_DAMAGE,CONTRIBUTING_FACTOR_1,CONTRIBUTING_FACTOR_2
19138542,4228901,10/24/2019,15:50,a68fbad8-3c19-4480-b139-6e0d842e6798,Station Wagon/Sport Utility Vehicle,AUDI -CAR/SUV,,2007,1,Licensed,4,Left Rear Bumper,Left Rear Quarter Panel,No Damage,No Damage,No Damage,N,Driver Inattention/Distraction,Passing or Lane Usage Improper
19139159,4228884,10/24/2019,14:07,4339b1d8-1b58-475e-bd82-7edb597ae07f,Taxi,TOYT -CAR/SUV,,2015,1,Licensed,1,Left Front Bumper,Left Front Bumper,,,,N,Driver Inattention/Distraction,Unspecified
9000199,36243,9/29/2013,20:00,1,PASSENGER VEHICLE,,,,,,6,,,,,,,Unspecified,
17205336,4023519,6/13/2016,16:15,402869,4 dr sedan,HOND -CAR/SUV,,1995,1,Licensed,9,Right Front Bumper,Right Front Bumper,Right Front Quarter Panel,,,N,Unsafe Speed,Unspecified
19139853,4229487,10/24/2019,13:22,a937e904-8611-49b2-8174-21038e10eeac,Taxi,HYUN -CAR/SUV,,2017,1,Licensed,4,Center Front End,Center Front End,Left Front Bumper,Right Front Bumper,No Damage,N,Unspecified,Unspecified
14967262,3347607,12/5/2015,19:20,2,SPORT UTILITY / STATION WAGON,,,,,,4,,,,,,,Fatigued/Drowsy,
19138604,4228999,10/24/2019,14:30,29cdae59-bb95-4904-a7bb-9fe4c76dac73,Pick-up Truck,TOYT -CAR/SUV,,1986,0,,2,Left Rear Bumper,Left Rear Bumper,Left Rear Quarter Panel,,,N,Unspecified,Unspecified
13993875,351091,6/12/2014,13:30,1,UNKNOWN,,,,,,6,,,,,,,Unspecified,
19139460,4228829,10/24/2019,15:17,f4417239-77f4-4807-92b9-59269062e961,Sedan,SAA -CAR/SUV,,2000,1,Licensed,6,Left Side Doors,Left Side Doors,No Damage,No Damage,No Damage,N,Failure to Yield Right-of-Way,Unsafe Speed
19139588,4228860,10/24/2019,15:00,60a8a761-29cd-410e-838f-8436b9b06383,Station Wagon/Sport Utility Vehicle,TOYT -CAR/SUV,,2013,1,Licensed,3,Left Rear Quarter Panel,Left Front Bumper,Left Side Doors,Left Front Quarter Panel,Center Front End,N,Driver Inattention/Distraction,Unspecified
9130621,328675,5/1/2014,22:40,2,BUS,,,,,,1,,,,,,,Fatigued/Drowsy,
14614730,3186125,3/13/2015,13:00,2,PASSENGER VEHICLE,,,,,,7,,,,,,,Unspecified,
13099467,2814807,10/26/2014,9:50,2,TAXI,,,,,,4,,,,,,,Unspecified,
19139688,4228979,10/24/2019,19:30,dd087c72-186b-4080-a51f-56348e4b5012,Sedan,HOND -CAR/SUV,,2012,0,Licensed,4,Center Back End,Center Back End,No Damage,No Damage,No Damage,N,Reaction to Uninvolved Vehicle,Unspecified
11261733,144567,2/17/2014,14:20,1,PASSENGER VEHICLE,,,,,,2,,,,,,,Unspecified,
8880101,26472,8/12/2012,13:05,1,UNKNOWN,,,,,,0,,,,,,,Unspecified,
19139384,4228941,10/24/2019,15:43,414fcf8c-e469-46e5-8123-3bc04439e04c,Pick-up Truck,TOYT -CAR/SUV,,2016,1,Licensed,2,Center Back End,Center Back End,Center Front End,,,N,Following Too Closely,Unspecified
19140317,4229341,10/24/2019,14:15,4cbd348e-d49a-410e-bc28-1178e0163cef,Sedan,BMW -CAR/SUV,,2015,3,Licensed,5,Center Front End,Center Front End,,,,N,Reaction to Uninvolved Vehicle,Unspecified
19138902,4228921,10/24/2019,11:50,3671ec9c-0f50-4fe0-ad66-fb02c97406d2,Station Wagon/Sport Utility Vehicle,MAZD -CAR/SUV,,2018,2,Licensed,4,Center Back End,Center Back End,No Damage,No Damage,No Damage,N,Unspecified,Unspecified
19139548,4228776,10/24/2019,8:00,ca3eadfd-b648-462c-bb25-18d33d0042c5,Station Wagon/Sport Utility Vehicle,FORD -CAR/SUV,,2010,0,,6,Right Front Quarter Panel,Right Front Quarter Panel,Right Front Bumper,Right Front Bumper,No Damage,N,Unspecified,Unspecified
19140328,4229231,10/24/2019,20:30,34204d83-c33e-48c1-915c-bb66900f32be,Tractor Truck Diesel,INTL-TRUCK/BUS,,2018,1,Licensed,8,Left Rear Bumper,Left Rear Bumper,,,,N,Unspecified,Unspecified
19140238,4229136,10/24/2019,12:45,040b248a-8885-48d6-9807-590e17e1b6be,Sedan,BMW -CAR/SUV,,2011,1,Permit,9,Center Back End,Center Back End,Left Rear Bumper,Right Rear Bumper,No Damage,N,Unspecified,Unspecified
14587537,3174932,2/21/2015,18:45,2,SPORT UTILITY / STATION WAGON,,,,,,8,,,,,,,Unspecified,
16947569,3424459,3/25/2016,12:40,41685,Sedan,HOND -CAR/SUV,HOND CIV,2010,1,Licensed,7,Right Side Doors,Right Side Doors,Right Front Quarter Panel,Right Rear Quarter Panel,,N,Unspecified,
17054473,3437948,5/8/2016,13:25,243710,4 dr sedan,ACUR -CAR/SUV,ACUR MDX,2008,1,Licensed,4,Right Front Bumper,Right Front Quarter Panel,,,,N,Turning Improperly,Driver Inattention/Distraction
9129017,44673,2/18/2014,12:15,2,LIVERY VEHICLE,,,,,,9,,,,,,,Failure to Yield Right-of-Way,
14678142,3212348,5/1/2015,16:45,1,PASSENGER VEHICLE,,,,,,1,,,,,,,Lost Consciousness,
19138846,4228651,10/24/2019,7:00,1e3bfc43-0db8-4b5b-8fef-51a6e3401d31,Sedan,TOYT -CAR/SUV,,2018,1,Licensed,4,Right Rear Bumper,Right Rear Bumper,Center Back End,Left Rear Bumper,,N,Unspecified,Unspecified
19139489,4228934,10/24/2019,18:06,d546ae3b-7780-43c8-b585-4a0326ed1fc9,Station Wagon/Sport Utility Vehicle,INFI -CAR/SUV,,2015,2,Licensed,8,Left Front Bumper,Left Front Bumper,Center Front End,No Damage,No Damage,N,Failure to Yield Right-of-Way,Unspecified
9500412,59752,7/30/2012,8:55,2,SPORT UTILITY / STATION WAGON,,,,,,2,,,,,,,Unspecified,
13533170,258483,11/11/2013,16:40,1,PASSENGER VEHICLE,,,,,,0,,,,,,,Unspecified,
19139692,4228980,10/24/2019,23:10,f4626927-040b-4d7a-b10e-d360edc66855,Bike,,,,1,Unlicensed,1,Center Back End,Center Back End,No Damage,No Damage,No Damage,N,Passing or Lane Usage Improper,Unspecified
19139919,4229469,10/24/2019,9:15,62cdecc3-519a-4e36-9b13-9b63ccdd42c5,Taxi,TOYT -CAR/SUV,,2015,2,Licensed,1,Right Front Bumper,Right Front Bumper,Right Front Quarter Panel,,,N,Driver Inattention/Distraction,Unspecified
12337821,202120,1/25/2014,17:20,2,UNKNOWN,,,,,,2,,,,,,,Unspecified,
9846240,2881439,3/24/2014,14:40,2,PASSENGER VEHICLE,,,,,,7,,,,,,,Unspecified,
11170177,1006903,8/8/2014,18:30,1,SPORT UTILITY / STATION WAGON,,,,,,9,,,,,,,Unspecified,
14900398,3314033,10/12/2015,12:20,3,PASSENGER VEHICLE,,,,,,4,,,,,,,Unspecified,
14800555,3264470,7/24/2015,6:50,2,PASSENGER VEHICLE,,,,,,1,,,,,,,Driver Inattention/Distraction,
19140140,4229118,10/24/2019,17:20,f7833983-921e-43e2-a699-4ecdb0fdbbbc,Station Wagon/Sport Utility Vehicle,HINO,,2016,2,Licensed,8,No Damage,No Damage,,,,N,Unspecified,Unspecified
12665155,3003911,10/7/2013,13:10,1,LARGE COM VEH(6 OR MORE TIRES),,,,,,3,,,,,,,Fatigued/Drowsy,
19139424,4228909,10/24/2019,15:00,6557a982-b90f-4ebf-9209-25c02e4d734a,Station Wagon/Sport Utility Vehicle,JEEP -CAR/SUV,,2019,2,Licensed,3,Right Front Bumper,Right Front Bumper,Center Front End,,,N,Failure to Yield Right-of-Way,Unspecified
19139015,4228868,10/24/2019,16:00,3cbc8e1a-a7f3-4c26-b8d6-e56338094447,Station Wagon/Sport Utility Vehicle,CHEV -CAR/SUV,,2011,1,Licensed,6,Center Back End,Center Back End,Right Rear Bumper,Left Rear Bumper,No Damage,Y,Physical Disability,Unsafe Lane Changing
19139542,4228928,10/24/2019,18:35,7dbc60e4-b5b3-4d69-a303-59fef1677e8e,Sedan,TOYT -CAR/SUV,,1998,0,Licensed,0,Right Front Bumper,Right Front Bumper,,,,N,Unspecified,Unspecified
17310164,3538229,10/11/2016,14:35,917504,Tractor Truck Diesel,kidron,,2004,1,Licensed,1,Trailer,Trailer,,,,Y,Backing Unsafely,Unspecified
11315709,146062,5/10/2013,11:18,3,PASSENGER VEHICLE,,,,,,9,,,,,,,Unspecified,
17350358,3512279,8/27/2016,20:15,740024,Pick-up Truck,WHGM -CAR/SUV,,2015,2,Licensed,8,Left Front Bumper,Left Front Bumper,No Damage,No Damage,No Damage,N,Unspecified,Unspecified
17253606,3517265,9/10/2016,22:15,777438,Station Wagon/Sport Utility Vehicle,MAZD -CAR/SUV,,2015,3,Licensed,8,Left Rear Quarter Panel,Left Rear Quarter Panel,,,,N,Unspecified,Unspecified
16935215,3414719,3/12/2016,12:14,10782,Station Wagon/Sport Utility Vehicle,LEXS -CAR/SUV,,2015,0,,2,Left Side Doors,Left Front Quarter Panel,Left Front Bumper,Center Front End,Right Front Bumper,Unspecified,Unspecified,Unspecified
14691168,3218068,5/10/2015,11:20,2,SPORT UTILITY / STATION WAGON,,,,,,0,,,,,,,Fatigued/Drowsy,
13534899,259169,2/11/2014,20:00,2,PASSENGER VEHICLE,,,,,,2,,,,,,,Driver Inattention/Distraction,
14576148,3168245,2/12/2015,13:32,2,SPORT UTILITY / STATION WAGON,,,,,,4,,,,,,,Backing Unsafely,
19139407,4228681,10/24/2019,7:50,4a6f0ec8-84a2-43e8-8182-a6702260666d,Sedan,HOND -CAR/SUV,,2013,1,Licensed,8,Right Rear Quarter Panel,Right Rear Quarter Panel,,,,N,Unsafe Lane Changing,Unspecified
13992496,321859,4/16/2014,15:00,2,PASSENGER VEHICLE,,,,,,6,,,,,,,Unspecified,
10787600,1015954,8/29/2014,19:30,1,PASSENGER VEHICLE,,,,,,5,,,,,,,Failure to Yield Right-of-Way,
19138475,4228827,10/24/2019,10:35,214b6a33-bb5f-4e5d-a56b-7094bf38c76d,Station Wagon/Sport Utility Vehicle,GMC -CAR/SUV,,2016,1,Licensed,2,Left Front Bumper,Left Front Bumper,Center Front End,Right Front Bumper,Roof,Y,Driver Inattention/Distraction,Pavement Defective
9968699,82181,1/18/2013,7:38,1,PASSENGER VEHICLE,,,,,,6,,,,,,,Unspecified,
10169037,2914556,8/6/2014,9:20,1,PASSENGER VEHICLE,,,,,,4,,,,,,,Unspecified,
11158410,136328,11/21/2012,21:10,2,PASSENGER VEHICLE,,,,,,2,,,,,,,Unspecified,
15012031,3370139,1/12/2016,13:15,2,PASSENGER VEHICLE,,,,,,2,,,,,,,Unspecified,
12843177,223966,6/6/2013,20:25,1,SPORT UTILITY / STATION WAGON,,,,,,1,,,,,,,Fatigued/Drowsy,
17220943,3472654,6/30/2016,14:30,469231,4 dr sedan,TOYT -CAR/SUV,,2010,1,Licensed,8,Right Front Quarter Panel,Right Front Quarter Panel,,,,N,Driver Inattention/Distraction,Unsafe Lane Changing
12053302,186438,7/19/2013,13:00,2,PASSENGER VEHICLE,,,,,,4,,,,,,,Unspecified,
8999112,35726,8/7/2013,9:05,1,TAXI,,,,,,4,,,,,,,Unspecified,
17349829,3517342,9/11/2016,23:30,778259,Station Wagon/Sport Utility Vehicle,FORD -CAR/SUV,,2011,0,Licensed,2,Right Rear Quarter Panel,Right Rear Quarter Panel,,,,N,Driver Inattention/Distraction,Passing or Lane Usage Improper
19139227,4228761,10/24/2019,7:26,c1acb212-fefb-4d2f-b914-53747df607c9,Station Wagon/Sport Utility Vehicle,DODG -CAR/SUV,,2018,3,Licensed,3,Right Front Bumper,Right Front Bumper,Right Front Quarter Panel,Right Side Doors,Center Front End,N,Failure to Yield Right-of-Way,Traffic Control Disregarded
17264543,3497938,8/10/2016,11:57,637421,,,,,,,8,Right Rear Quarter Panel,Right Rear Quarter Panel,,,,Unspecified,Driver Inattention/Distraction,Passing Too Closely
19139780,4229157,10/24/2019,15:37,5fc76fff-6fae-45d3-abcf-8dac9734236f,Station Wagon/Sport Utility Vehicle,CHEV -CAR/SUV,,2017,0,,5,Center Back End,Center Back End,Left Rear Bumper,Right Rear Bumper,No Damage,N,Unspecified,Unspecified
10392862,2927888,4/2/2014,16:20,2,LARGE COM VEH(6 OR MORE TIRES),,,,,,8,,,,,,,Unspecified,
19140506,4229115,10/24/2019,11:40,4d296b95-438c-492d-9860-23900e93810d,Station Wagon/Sport Utility Vehicle,FORD -CAR/SUV,,2014,1,Licensed,2,Left Rear Bumper,No Damage,,,,N,Backing Unsafely,Unspecified
8392615,739,9/15/2012,23:42,2,SPORT UTILITY / STATION WAGON,,,,,,2,,,,,,,Unspecified,
12184699,192685,5/6/2013,15:40,1,TAXI,,,,,,0,,,,,,,Unspecified,
17367394,3511778,8/31/2016,23:00,735913,Station Wagon/Sport Utility Vehicle,VOLV -CAR/SUV,,2010,0,,5,Right Front Quarter Panel,Right Front Quarter Panel,Right Front Bumper,Left Front Bumper,Left Front Quarter Panel,Unspecified,Unspecified,Unspecified
8397526,3199,7/10/2013,18:26,2,PASSENGER VEHICLE,,,,,,7,,,,,,,Prescription Medication,
12841877,223419,5/1/2013,9:05,2,PASSENGER VEHICLE,,,,,,3,,,,,,,Lost Consciousness,
9538906,62882,5/18/2013,13:12,2,PASSENGER VEHICLE,,,,,,8,,,,,,,Unspecified,
17388460,3589249,12/27/2016,23:00,1261315,Sedan,LINC -CAR/SUV,,2005,1,Licensed,3,Left Front Bumper,Left Front Bumper,,,,N,Failure to Yield Right-of-Way,Unspecified
19139604,4228906,10/24/2019,20:00,37df756e-309d-4b7a-bd23-73267241fb39,Station Wagon/Sport Utility Vehicle,VOLK -CAR/SUV,,2010,1,Unlicensed,7,Center Front End,Center Front End,Right Front Bumper,Left Front Bumper,,N,Driver Inattention/Distraction,Driver Inattention/Distraction
17195843,3534381,10/5/2016,8:39,890834,Sedan,FORD -CAR/SUV,,2016,2,Licensed,9,No Damage,Other,No Damage,No Damage,No Damage,N,Unspecified,Unspecified
19140817,4229596,10/23/2019,12:30,c3fe030c-fb2b-409b-86ba-cb9629a33cdb,Station Wagon/Sport Utility Vehicle,STRN -CAR/SUV,,2006,1,Licensed,6,Center Front End,Center Front End,,,,N,Driver Inattention/Distraction,Following Too Closely
12451918,204260,9/8/2012,22:26,1,SPORT UTILITY / STATION WAGON,,,,,,1,,,,,,,Unspecified,
19138996,4228597,10/24/2019,8:30,270d3d74-9f47-4b0d-b9b4-ac1f1e19c5dd,Station Wagon/Sport Utility Vehicle,TOYT -CAR/SUV,,2013,1,Licensed,6,Right Front Bumper,Right Front Bumper,,,,N,Unspecified,Unspecified
14713753,3225910,5/23/2015,0:40,1,PASSENGER VEHICLE,,,,,,4,,,,,,,Unspecified,
19140794,4229498,10/23/2019,0:00,30138dfe-1e9e-4c44-b1c1-e39a24309ec4,Sedan,HYUN -CAR/SUV,,2019,1,Licensed,5,Center Front End,Center Front End,Left Front Bumper,Right Front Bumper,,N,Driver Inattention/Distraction,Following Too Closely
8999535,35927,8/26/2013,20:21,1,PASSENGER VEHICLE,,,,,,7,,,,,,,Turning Improperly,
19140523,4229192,10/24/2019,13:20,08c61b66-effe-4f5b-901c-d43475705f9a,Station Wagon/Sport Utility Vehicle,NISS -CAR/SUV,,2015,1,Licensed,8,Center Front End,Center Front End,,,,N,Following Too Closely,Unspecified
19139409,4228683,10/24/2019,8:10,4851adb9-c468-4c61-8cc0-32eaa94a8bab,Sedan,HYUN -CAR/SUV,,2014,0,Licensed,7,Center Back End,Center Back End,,,,N,Unspecified,Unspecified
19139484,4228931,10/24/2019,8:45,bdaf9b01-64a4-4da4-bc68-8872fee94e39,Station Wagon/Sport Utility Vehicle,FORD -CAR/SUV,,2003,1,Licensed,0,Right Front Bumper,Right Front Bumper,Right Front Quarter Panel,,,N,Driver Inattention/Distraction,Failure to Yield Right-of-Way
12130715,188876,12/30/2012,21:37,2,PASSENGER VEHICLE,,,,,,3,,,,,,,Fatigued/Drowsy,
19140703,4213082,9/23/2019,8:15,eb3bee6c-2f18-47a4-adca-04c36d4284c2,Sedan,HYUN -CAR/SUV,,2016,1,Licensed,0,Right Front Quarter Panel,Right Front Quarter Panel,,,,N,Failure to Yield Right-of-Way,Unspecified
19139419,4228679,10/24/2019,12:30,e2c06d38-cbea-4104-ace4-c73862e49811,Sedan,MERZ -CAR/SUV,,2019,1,Licensed,6,Center Back End,Center Back End,Right Rear Bumper,Left Rear Bumper,,N,Unspecified,Unspecified
10606776,111456,5/17/2013,14:15,1,SPORT UTILITY / STATION WAGON,,,,,,9,,,,,,,Unspecified,
14791674,3260155,7/16/2015,16:49,2,PASSENGER VEHICLE,,,,,,9,,,,,,,Unspecified,
9350838,53363,1/14/2013,16:10,2,PICK-UP TRUCK,,,,,,9,,,,,,,Unspecified,
19140346,4229138,10/24/2019,17:15,e8641464-e738-47f9-9dea-db76f7205212,Sedan,HOND -CAR/SUV,,2019,1,Licensed,2,Right Side Doors,Right Rear Quarter Panel,Right Rear Bumper,Right Side Doors,Right Rear Quarter Panel,N,Unspecified,Unspecified
19139605,4229086,10/24/2019,20:40,fe142da7-c2ba-4ab4-a20e-0e8ccd10b60f,Sedan,CADI -CAR/SUV,,2016,1,Licensed,1,Right Front Bumper,Left Front Bumper,Center Front End,Right Front Quarter Panel,,N,Unspecified,Unspecified
14393904,295066,11/11/2012,9:05,2,PASSENGER VEHICLE,,,,,,0,,,,,,,Unspecified,
12958595,230220,4/6/2013,18:55,1,SPORT UTILITY / STATION WAGON,,,,,,4,,,,,,,Unspecified,
10467448,2929517,6/12/2013,22:20,1,PASSENGER VEHICLE,,,,,,9,,,,,,,Unspecified,
13411986,247687,11/16/2012,10:00,2,SMALL COM VEH(4 TIRES),,,,,,2,,,,,,,Unspecified,
19140327,4229231,10/24/2019,20:30,d2ac1e74-5f2d-4868-b351-d347404c7e54,Sedan,NISS -CAR/SUV,,2014,2,Licensed,1,Right Front Bumper,Right Front Bumper,,,,N,Unspecified,Unspecified
19138657,4229051,10/24/2019,10:00,0e3ae0de-8444-4cc2-8df9-749a435985cb,Carry All,LANDO,,2015,1,,5,Right Side Doors,No Damage,,,,N,Following Too Closely,Driver Inattention/Distraction
14595684,3178431,3/2/2015,1:00,3,SPORT UTILITY / STATION WAGON,,,,,,1,,,,,,,Unspecified,
19139936,4229219,10/24/2019,9:27,929511f0-0af4-4556-9160-95c56ff9dc0b,Pick-up Truck,FORD -CAR/SUV,,2015,1,Licensed,6,Center Back End,No Damage,No Damage,No Damage,No Damage,N,Driver Inexperience,Backing Unsafely
19140965,4229650,10/20/2019,9:32,9290dc4f-4f8c-4973-90c9-4d3c911dca46,Station Wagon/Sport Utility Vehicle,HOND -CAR/SUV,,2010,1,Licensed,5,Center Front End,No Damage,,,,N,Unspecified,Unspecified
19139990,4229116,10/24/2019,21:15,f06c6f20-9bea-4192-a8f6-76360192b932,Bike,,,,1,Licensed,9,Center Front End,Center Front End,,,,N,Unspecified,Unspecified
19139061,4229012,10/24/2019,14:07,967581f7-5c86-4503-b2ed-3f4e0dd8bc62,Sedan,TOYT -CAR/SUV,,2018,2,Licensed,3,Center Front End,Center Front End,Left Front Bumper,Right Front Bumper,,N,Unspecified,Unspecified
19140658,4229690,10/23/2019,8:30,73b386e7-8e0a-4a4b-a2c5-ef58d4094fa4,Sedan,HOND -CAR/SUV,,2016,1,Licensed,8,Left Front Quarter Panel,Left Front Quarter Panel,Left Side Doors,,,N,Unspecified,Unspecified
13844382,268856,10/25/2012,16:00,2,SPORT UTILITY / STATION WAGON,,,,,,0,,,,,,,Driver Inattention/Distraction,
9796134,2879320,3/13/2013,16:20,2,PASSENGER VEHICLE,,,,,,1,,,,,,,Unspecified,
19140303,4229334,10/24/2019,8:20,9beb6b12-f843-4ee8-907b-d3ee2adaa5da,Sedan,HOND -CAR/SUV,,2017,2,Licensed,8,Left Front Quarter Panel,Left Front Quarter Panel,,,,N,Unspecified,Unspecified
10387884,2927314,3/9/2013,17:15,2,PASSENGER VEHICLE,,,,,,9,,,,,,,Unspecified,
19138479,4228926,10/24/2019,11:00,94645bd1-9d15-4e99-bc7c-050f64b8171a,,,,,,,2,,,,,,Unspecified,,
19139080,4228674,10/24/2019,8:53,98c7a948-98ea-4c20-9d79-364270bd9d05,Station Wagon/Sport Utility Vehicle,HOND -CAR/SUV,,2003,1,Licensed,7,Center Back End,Center Back End,,,,N,Backing Unsafely,Unspecified
11320067,998934,7/25/2014,22:27,1,PASSENGER VEHICLE,,,,,,2,,,,,,,Unspecified,
19139587,4228860,10/24/2019,15:00,ee89d732-a82d-4dd0-b97b-76bddfc712fa,Pick-up Truck,DOGE -CAR/SUV,,2011,1,Licensed,4,Right Rear Quarter Panel,Right Rear Quarter Panel,,,,N,Driver Inattention/Distraction,Unspecified
14997680,3362931,12/30/2015,7:35,2,PASSENGER VEHICLE,,,,,,3,,,,,,,Prescription Medication,
19138686,4228581,10/24/2019,2:00,baa5a462-5ce5-4b84-8b20-c5b71f2b9f0a,Station Wagon/Sport Utility Vehicle,TOYT -CAR/SUV,,2009,0,Licensed,7,Left Side Doors,Left Side Doors,,,,N,Failure to Yield Right-of-Way,Driver Inattention/Distraction
17315537,3525785,9/23/2016,7:30,831893,Tow Truck / Wrecker,INTL-TRUCK/BUS,,2007,1,Licensed,0,Right Front Quarter Panel,Right Front Bumper,Right Front Quarter Panel,,,N,Unsafe Lane Changing,Unspecified
19141038,4223842,10/14/2019,6:20,d47cf134-15a3-4949-a555-9456308128e5,Station Wagon/Sport Utility Vehicle,MERZ -CAR/SUV,,2017,1,Licensed,3,Left Rear Bumper,Left Rear Bumper,Left Rear Bumper,,,N,Unspecified,Unspecified
19140712,4224803,10/16/2019,16:30,ca217e54-5825-4b27-b738-e7af14fc0f9d,Sedan,HOND -CAR/SUV,,2018,,,8,Center Front End,Left Front Bumper,Right Front Bumper,Left Front Quarter Panel,No Damage,N,Unsafe Speed,Driver Inattention/Distraction
14716361,3227933,5/25/2015,19:00,1,PASSENGER VEHICLE,,,,,,3,,,,,,,Backing Unsafely,
12259846,352525,6/15/2014,22:20,1,PASSENGER VEHICLE,,,,,,2,,,,,,,Unspecified,
14393789,295022,11/9/2012,7:30,2,PASSENGER VEHICLE,,,,,,7,,,,,,,Unspecified,
17246881,3495220,8/7/2016,12:40,620280,Sedan,BMW -CAR/SUV,,2016,1,Licensed,5,Left Rear Bumper,Left Rear Bumper,,,,N,Unspecified,Unspecified
14926780,3327259,11/3/2015,19:00,2,BICYCLE,,,,,,7,,,,,,,Unspecified,
16956883,3421186,4/15/2016,13:30,166475,,,,,,,6,,,,,,Unspecified,,
17379553,3560005,11/12/2016,12:22,1059687,Sedan,VOLV -CAR/SUV,,2005,3,Licensed,4,Right Front Quarter Panel,Right Front Quarter Panel,Right Side Doors,Right Rear Quarter Panel,Right Front Bumper,Unspecified,Unspecified,Unspecified
9129271,44804,3/3/2014,2:28,1,PASSENGER VEHICLE,,,,,,3,,,,,,,Unspecified,
9273138,45318,8/6/2012,22:33,1,PASSENGER VEHICLE,,,,,,5,,,,,,,Unspecified,
17236509,3472550,6/29/2016,10:00,461833,2 dr sedan,HOND -CAR/SUV,,2003,1,Licensed,3,Left Rear Quarter Panel,Left Side Doors,Left Rear Quarter Panel,,,N,Unspecified,Unspecified
16972418,3425710,4/4/2016,0:00,97959,4 dr sedan,HOND -CAR/SUV,HOND CRV,2013,0,,8,Left Side Doors,Left Side Doors,,,,N,Unspecified,Unspecified
8532798,10688,4/12/2013,0:01,2,UNKNOWN,,,,,,2,,,,,,,Unspecified,
9794939,73533,12/13/2012,7:35,1,SPORT UTILITY / STATION WAGON,,,,,,2,,,,,,,Fatigued/Drowsy,
13981062,274493,12/26/2012,16:00,1,SPORT UTILITY / STATION WAGON,,,,,,8,,,,,,,Unspecified,
9540041,63402,12/14/2013,15:00,2,PASSENGER VEHICLE,,,,,,2,,,,,,,Unspecified,
19139425,4228910,10/24/2019,16:30,840aefdd-af7a-4b21-9b54-251ea964433b,Station Wagon/Sport Utility Vehicle,BMW -CAR/SUV,,2006,3,Licensed,5,Center Back End,Center Back End,,,,N,Unspecified,Unspecified
12544493,210926,5/22/2013,1:00,2,PASSENGER VEHICLE,,,,,,2,,,,,,,Unspecified,
14086142,280667,11/12/2012,13:20,1,SPORT UTILITY / STATION WAGON,,,,,,8,,,,,,,Unspecified,
14497585,3137466,12/14/2014,18:55,1,PASSENGER VEHICLE,,,,,,3,,,,,,,Unspecified,
19139831,4229273,10/24/2019,22:40,f6d96154-432f-4442-b975-91acc1cb4a38,Sedan,CHRY -CAR/SUV,,1999,2,Unlicensed,9,Right Front Bumper,Right Front Bumper,Right Front Quarter Panel,No Damage,No Damage,N,Unspecified,Unspecified
19139537,4228853,10/24/2019,17:40,6f8dbaba-8501-4568-a5d9-a3406ef24e16,Sedan,TOYT -CAR/SUV,,2016,1,Licensed,3,Left Front Bumper,Center Front End,Right Front Bumper,,,N,Driver Inattention/Distraction,Driver Inattention/Distraction
19139150,4228875,10/24/2019,9:40,45fdc21a-6278-4755-baf1-e4ccae5f230d,Bus,INTL-TRUCK/BUS,,2008,1,Licensed,7,Right Rear Quarter Panel,Right Rear Quarter Panel,,,,N,Oversized Vehicle,Unspecified
19140314,4229337,10/24/2019,16:42,868496f9-9b76-4175-9494-7b66fab23f9a,,,,,,,1,,,,,,Unspecified,,
15058408,3393567,2/21/2016,18:30,2,SPORT UTILITY / STATION WAGON,,,,,,5,,,,,,,Unspecified,
9274081,45721,9/13/2012,12:24,1,LARGE COM VEH(6 OR MORE TIRES),,,,,,9,,,,,,,Driver Inattention/Distraction,
19139580,4228864,10/24/2019,12:13,d40e9491-9b7a-4e6b-b61c-6fdaec125b3e,Station Wagon/Sport Utility Vehicle,FORD -CAR/SUV,,2003,1,Licensed,1,Center Front End,Center Front End,Left Front Bumper,Right Front Bumper,,N,Driver Inattention/Distraction,Unspecified
13526508,3065107,11/7/2012,8:59,1,SMALL COM VEH(4 TIRES),,,,,,9,,,,,,,Unspecified,
19140230,4229376,10/24/2019,19:15,59915ad2-edfc-4d1f-a77e-ab063cf9d030,Station Wagon/Sport Utility Vehicle,FORD -CAR/SUV,,2015,1,,1,Left Side Doors,Left Side Doors,,,,N,Unspecified,Unspecified
14462965,302232,2/2/2013,12:48,1,PASSENGER VEHICLE,,,,,,8,,,,,,,Unspecified,
19140429,4229091,10/24/2019,19:30,02752cdc-964c-4e3e-be44-54004b22b40e,Station Wagon/Sport Utility Vehicle,HOND -CAR/SUV,,2013,1,Licensed,6,Right Front Bumper,Right Front Bumper,,,,N,Driver Inattention/Distraction,Unspecified