UNIQUE_ID,COLLISION_ID,CRASH_DATE,CRASH_TIME,VEHICLE_ID,VEHICLE_TYPE,VEHICLE_MAKE,VEHICLE_MODEL,VEHICLE_YEAR,VEHICLE_OCCUPANTS,DRIVER_LICENSE_STATUS,PRE_CRASH_NUM,POINT_OF_IMPACT,VEHICLE_DAMAGE,VEHICLE_DAMAGE_1,VEHICLE_DAMAGE_2,VEHICLE_DAMAGE_3,PUBLIC_PROPERTY_DAMAGE,CONTRIBUTING_FACTOR_1,CONTRIBUTING_FACTOR_2
11057642,134317,12/21/2013,23:39,2,UNKNOWN,,,,,,2,,,,,,,Unspecified,
19138695,4228998,10/24/2019,14:00,84cc2afe-a3e9-4f13-ad1d-2bb63b0652db,Station Wagon/Sport Utility Vehicle,FORD -CAR/SUV,,2016,1,Licensed,2,Right Front Quarter Panel,Right Front Quarter Panel,,,,N,Driver Inattention/Distraction,Unspecified
13757963,997111,7/22/2014,11:30,2,PICK-UP TRUCK,,,,,,2,,,,,,,Lost Consciousness,
14704870,3222495,5/16/2015,5:18,2,PASSENGER VEHICLE,,,,,,2,,,,,,,Unspecified,
17334372,3534590,10/5/2016,12:15,890367,,,,,,,5,Other,,,,,N,Passing Too Closely,Unspecified
13747625,3089715,11/25/2012,5:15,3,OTHER,,,,,,2,,,,,,,Other Vehicular,
19140825,4226328,10/20/2019,16:15,1569e56b-ea0b-4e78-848c-bcce9f6f58e8,Sedan,TOYT -CAR/SUV,,1997,,,2,,,,,,Unspecified,,
14888536,3308067,10/2/2015,22:47,1,SPORT UTILITY / STATION WAGON,,,,,,8,,,,,,,Unspecified,
8999773,36041,9/9/2013,18:00,1,PASSENGER VEHICLE,,,,,,4,,,,,,,Unspecified,
17340600,3559190,11/12/2016,20:30,1061773,Pick-up Truck,FIRE TRUCK,,2016,1,,9,Right Rear Quarter Panel,Right Rear Quarter Panel,Other,,,N,Unspecified,Unspecified
9719301,71241,4/29/2013,20:35,2,UNKNOWN,,,,,,6,,,,,,,Lost Consciousness,
14739995,3237890,6/10/2015,13:50,1,PASSENGER VEHICLE,,,,,,9,,,,,,,Turning Improperly,
17279234,3497766,8/10/2016,12:15,636487,Station Wagon/Sport Utility Vehicle,HUMM -CAR/SUV,,2008,0,,0,Center Front End,Center Front End,,,,N,Unspecified,Unspecified
19140585,4229258,10/24/2019,19:00,3f9ea50a-4e8f-4501-a461-9853a3e8ec14,Sedan,CHEV -CAR/SUV,,2011,1,Licensed,8,Center Back End,Center Back End,,,,N,Unspecified,Unspecified
14940258,3334015,11/13/2015,9:15,2,PASSENGER VEHICLE,,,,,,2,,,,,,,Other Vehicular,
19140704,4224138,10/14/2019,9:00,a09a97dd-8b96-4811-b64d-1e9104d2a450,Sedan,HOND -CAR/SUV,,2013,2,Permit,3,Left Front Bumper,Left Front Bumper,,,,N,Driver Inexperience,Driver Inattention/Distraction
12852644,308088,3/18/2014,20:10,2,PASSENGER VEHICLE,,,,,,8,,,,,,,Unspecified,
15079296,3404052,3/11/2016,21:00,1,MOTORCYCLE,,,,,,7,,,,,,,Unspecified,
17367269,3581150,12/16/2016,16:20,1211172,Station Wagon/Sport Utility Vehicle,ACUR -CAR/SUV,,2005,1,Licensed,4,Right Front Bumper,Right Front Bumper,Left Front Bumper,No Damage,No Damage,N,Unspecified,Unspecified
8787758,24492,7/31/2013,9:30,2,BICYCLE,,,,,,8,,,,,,,Unspecified,
14218647,312420,3/28/2014,18:30,1,PASSENGER VEHICLE,,,,,,1,,,,,,,Unspecified,
19139281,4228947,10/24/2019,22:25,66fe522a-588a-40b7-88dc-036841bd432a,Station Wagon/Sport Utility Vehicle,JEEP -CAR/SUV,,2011,0,Licensed,7,Right Front Bumper,No Damage,No Damage,No Damage,,N,Driver Inattention/Distraction,Unspecified
14085004,280159,9/8/2012,17:03,2,BICYCLE,,,,,,6,,,,,,,Unspecified,
10670004,115785,11/14/2013,11:30,1,PASSENGER VEHICLE,,,,,,5,,,,,,,Unspecified,
19140972,4229653,10/24/2019,9:45,6f3e1209-18af-4083-a897-55a3c1ee6be8,Pick-up Truck,FORD -CAR/SUV,,2002,5,Licensed,9,Center Front End,Center Front End,No Damage,No Damage,No Damage,N,Pavement Slippery,Unspecified
14933052,3330408,11/7/2015,12:00,1,PICK-UP TRUCK,,,,,,4,,,,,,,Other Vehicular,
9276375,46741,12/6/2012,22:25,1,TAXI,,,,,,2,,,,,,,Driver Inattention/Distraction,
19138601,4228981,10/24/2019,16:35,cb39da9d-7c97-49c4-8cf5-0551b2a740c3,Station Wagon/Sport Utility Vehicle,HOND -CAR/SUV,,2013,2,Licensed,5,Center Back End,Center Back End,,,,N,Unspecified,Unspecified
17208305,3472164,6/30/2016,15:17,470266,,,,,,,6,,,,,,Unspecified,,
19139866,4229130,10/24/2019,18:26,b07bcd21-7ad0-40fd-a6a5-e256f584865c,Sedan,TOYT -CAR/SUV,,2015,2,Licensed,6,Right Side Doors,Right Side Doors,,,,N,Unspecified,Unspecified
19138899,4228920,10/24/2019,9:50,6d46dffd-a37e-46d9-a314-97ad7676b192,Sedan,AUDI -CAR/SUV,,2019,1,Licensed,4,Right Front Quarter Panel,Right Front Quarter Panel,Right Front Bumper,Right Side Doors,,N,Unspecified,Unspecified
19139262,4228950,10/24/2019,10:30,00b509e9-63e4-44ef-acba-864a5bdb2f18,Sedan,TOYT -CAR/SUV,,2010,1,Licensed,9,Left Side Doors,Left Side Doors,,,,N,Unspecified,Unspecified
8405862,2817650,11/3/2014,10:30,2,SPORT UTILITY / STATION WAGON,,,,,,4,,,,,,,Unspecified,
15034272,3381352,2/1/2016,6:50,2,SPORT UTILITY / STATION WAGON,,,,,,5,,,,,,,Unspecified,
10328124,1013045,8/22/2014,9:30,2,UNKNOWN,,,,,,3,,,,,,,Unspecified,
19140787,4209691,9/20/2019,15:00,9dcc52f9-96a7-43f0-9ded-eb34acd23b0c,Motorcycle,DUCA -MCL,,2010,1,Licensed,8,Left Front Quarter Panel,Left Side Doors,Left Rear Quarter Panel,No Damage,No Damage,N,Unspecified,Unspecified
19139540,4228854,10/24/2019,17:00,e6d36e10-d148-4557-a4d4-b9d2a71e11a0,Sedan,BMW -CAR/SUV,,2006,,,6,,,,,,Unspecified,,
12859025,1025652,9/16/2014,8:00,1,PASSENGER VEHICLE,,,,,,1,,,,,,,Unspecified,
13657605,307228,3/18/2014,11:10,2,PASSENGER VEHICLE,,,,,,7,,,,,,,Unspecified,
19140002,4229101,10/24/2019,20:18,47e7c1ee-41c1-4e41-8730-e5ae64b5b6b1,Motorbike,,,,1,Licensed,1,Center Front End,Center Front End,,,,N,Driver Inattention/Distraction,Following Too Closely
10229548,2919436,6/11/2014,9:10,2,PASSENGER VEHICLE,,,,,,1,,,,,,,Fatigued/Drowsy,
19139008,4228767,10/24/2019,0:00,c2168055-cf21-4bd1-86fc-6005377f49ee,Sedan,NISS -CAR/SUV,,2015,0,Licensed,3,Center Front End,Left Front Bumper,,,,N,Unspecified,Unspecified
19139232,4228779,10/24/2019,11:08,f015cba0-adcb-48c0-8451-ee594db3b70b,Station Wagon/Sport Utility Vehicle,FORD -CAR/SUV,,2009,3,Licensed,2,Left Rear Quarter Panel,Left Rear Quarter Panel,Right Rear Quarter Panel,No Damage,No Damage,N,Passing Too Closely,Unspecified
19139430,4228912,10/24/2019,16:30,711f10cf-6c63-4ef3-a8d4-214bb28240f2,Station Wagon/Sport Utility Vehicle,LEXS -CAR/SUV,,2017,1,Licensed,2,Center Back End,Center Back End,Right Rear Bumper,Left Rear Bumper,,N,Unspecified,Unspecified
17231509,3507496,8/25/2016,17:00,703327,Sedan,SUBA -CAR/SUV,,2014,1,Licensed,9,Left Rear Quarter Panel,Left Rear Quarter Panel,,,,N,Unsafe Lane Changing,Unspecified
19140522,4229192,10/24/2019,13:20,52033261-b603-4d88-82e7-5c3962e45a6b,Sedan,BMW -CAR/SUV,,2016,1,Licensed,8,Center Back End,Center Back End,,,,Unspecified,Unspecified,Unspecified
19140589,4229232,10/24/2019,23:30,42a537b2-deef-4cc9-aa23-441ed1659dab,Station Wagon/Sport Utility Vehicle,NISS -CAR/SUV,,2018,1,Licensed,2,Right Front Quarter Panel,Right Front Quarter Panel,Right Side Doors,Right Rear Quarter Panel,Other,N,Unspecified,Unspecified
9398104,56396,4/9/2013,13:15,1,SPORT UTILITY / STATION WAGON,,,,,,0,,,,,,,Unspecified,
19139422,4228754,10/24/2019,14:26,4fe1f8ad-9ee4-46ba-bbf3-2e7a850725ed,Station Wagon/Sport Utility Vehicle,COLLI,,2019,1,Licensed,9,Center Front End,No Damage,,,,N,Driver Inattention/Distraction,Unspecified
17338427,3482317,7/11/2016,9:14,517189,4 dr sedan,NISS -CAR/SUV,,2014,1,,3,Center Back End,Center Back End,,,,Unspecified,Following Too Closely,Unspecified
19140733,4229527,10/24/2019,20:45,1305ad08-f893-4d0f-95f5-7aab64fc1c4b,Tractor Truck Diesel,FRHT-TRUCK/BUS,,2005,1,Licensed,8,Trailer,Trailer,,,,N,Oversized Vehicle,Unspecified
17382910,3532696,8/4/2016,21:35,611161,Motorcycle,HOND -MCL,,2010,1,Licensed,3,Right Side Doors,Right Side Doors,,,,N,Unsafe Speed,Unspecified
11803898,2975736,8/26/2012,12:45,2,PASSENGER VEHICLE,,,,,,6,,,,,,,Unspecified,
19140907,4229595,10/23/2019,7:00,56e25b54-e508-49c0-84da-3599a00247e1,Pick-up Truck,FORD -CAR/SUV,,2000,1,Licensed,3,Right Side Doors,Left Side Doors,Right Side Doors,,,N,Driver Inattention/Distraction,Following Too Closely
11473610,1020157,9/7/2014,6:00,1,PASSENGER VEHICLE,,,,,,2,,,,,,,Unspecified,
14878737,3303120,9/24/2015,17:20,2,PASSENGER VEHICLE,,,,,,2,,,,,,,Lost Consciousness,
14898826,3313251,10/11/2015,17:45,1,SPORT UTILITY / STATION WAGON,,,,,,4,,,,,,,Unspecified,
17413015,3527797,9/23/2016,16:05,846905,Sedan,BUIC -CAR/SUV,,2000,1,,1,Left Front Bumper,Center Front End,,,,N,Driver Inattention/Distraction,Unspecified
19140023,4229227,10/24/2019,10:00,4c7163b8-6f47-4b5c-bb56-48d47790116e,Taxi,MERZ -CAR/SUV,,2018,1,Licensed,3,Right Front Bumper,No Damage,No Damage,No Damage,No Damage,N,Unspecified,Unspecified
19139805,4229206,10/24/2019,8:44,4d7ce87b-be3b-4806-aae1-866302b4ccca,Sedan,MERZ -CAR/SUV,,2013,2,Licensed,0,Left Rear Bumper,Left Rear Bumper,No Damage,No Damage,No Damage,N,Unspecified,Unspecified
19140445,4229127,10/24/2019,20:30,186b15e8-30bb-4dcb-9909-a0aecb4a064b,Station Wagon/Sport Utility Vehicle,ACUR -CAR/SUV,,2011,2,Licensed,2,Center Back End,Center Back End,Left Rear Bumper,Right Rear Bumper,,N,Unspecified,Unspecified
9279745,48216,4/16/2013,8:45,1,UNKNOWN,,,,,,5,,,,,,,Unspecified,
19140308,4229333,10/24/2019,13:00,59d9b3f2-fec5-4026-a216-e5a939accc62,Sedan,CHEV -CAR/SUV,,2010,1,Licensed,9,Left Front Bumper,Left Front Quarter Panel,,,,N,Failure to Yield Right-of-Way,Unspecified
9288799,52198,2/26/2014,11:12,1,LARGE COM VEH(6 OR MORE TIRES),,,,,,7,,,,,,,Other Vehicular,
17167376,3482065,7/16/2016,14:19,524592,4 dr sedan,FORD -CAR/SUV,,2016,1,Permit,0,Left Front Quarter Panel,Left Side Doors,,,,N,Driver Inattention/Distraction,Driver Inexperience
19139876,4229174,10/24/2019,10:16,f769b9c8-deff-4b28-b97b-48e6cb2898e8,Refrigerated Van,HINO -TRUCK/BUS,,2017,1,Licensed,4,Left Side Doors,No Damage,No Damage,No Damage,No Damage,Unspecified,Oversized Vehicle,Unspecified
19140311,4229308,10/24/2019,14:10,bb952663-8602-42e5-9e01-1c0320a5e8ed,Station Wagon/Sport Utility Vehicle,LEXS -CAR/SUV,,2015,1,Licensed,5,Center Back End,Center Back End,,,,N,Reaction to Uninvolved Vehicle,Unspecified
14397606,296569,2/12/2013,14:42,2,SPORT UTILITY / STATION WAGON,,,,,,2,,,,,,,Unspecified,
15068218,3398511,3/3/2016,7:20,1,SPORT UTILITY / STATION WAGON,,,,,,1,,,,,,,Unspecified,
19139055,4229009,10/24/2019,12:44,368e86db-838a-4bae-aeef-570e976e6b56,Sedan,NISS -CAR/SUV,,2005,1,Licensed,9,Center Front End,Center Front End,Left Front Bumper,Right Front Bumper,,N,Unspecified,Unspecified
17386577,3589076,12/29/2016,13:30,1265169,Sedan,HOND -CAR/SUV,,2008,1,Licensed,6,Right Side Doors,Right Side Doors,Right Front Quarter Panel,,,N,Unspecified,Unspecified
19140789,4229549,10/24/2019,10:20,3b4c1dbd-81c8-49f3-8e6e-546f78177645,Sedan,NISS -CAR/SUV,,2015,0,Licensed,9,Right Rear Quarter Panel,Right Rear Quarter Panel,No Damage,No Damage,No Damage,N,Unspecified,Unspecified
14785143,3257238,7/12/2015,21:30,1,SPORT UTILITY / STATION WAGON,,,,,,8,,,,,,,Other Vehicular,
9967983,81895,12/4/2012,18:32,2,VAN,,,,,,6,,,,,,,Unspecified,
12969213,3024243,9/18/2014,9:00,1,VAN,,,,,,9,,,,,,,Fatigued/Drowsy,
14960257,3344075,11/29/2015,17:20,1,PASSENGER VEHICLE,,,,,,7,,,,,,,Unspecified,
10870283,122456,11/28/2012,17:30,1,PASSENGER VEHICLE,,,,,,3,,,,,,,Unspecified,
12464070,339529,5/21/2014,18:00,1,PASSENGER VEHICLE,,,,,,2,,,,,,,Failure to Yield Right-of-Way,
12660995,215933,4/4/2013,19:00,1,SPORT UTILITY / STATION WAGON,,,,,,2,,,,,,,Unspecified,
17190584,3502427,8/17/2016,13:00,666873,Station Wagon/Sport Utility Vehicle,SUBA -CAR/SUV,,2012,1,Licensed,0,Center Front End,Center Front End,,,,N,Driver Inattention/Distraction,Unspecified
19140441,4229132,10/24/2019,1:00,9eb125aa-f33a-4196-819e-48a135aea413,Station Wagon/Sport Utility Vehicle,CHEV -CAR/SUV,,,1,Licensed,2,Left Front Quarter Panel,Left Side Doors,,,,Unspecified,Unspecified,Unspecified
19138692,4228937,10/24/2019,14:45,d8a2e665-2418-4f15-b1cc-dd8405e29ac7,Station Wagon/Sport Utility Vehicle,VOLV -CAR/SUV,,2017,1,Licensed,2,Center Back End,Center Back End,,,,N,Unspecified,Unspecified
19138929,4228903,10/24/2019,13:30,bc2d70ad-ea96-409d-bb5a-8c849ffb9760,Bike,,,,,,4,,,,,,Unspecified,Passing or Lane Usage Improper,Unspecified
19140854,4229599,10/24/2019,16:35,18c9efe5-2f10-4c3e-95bb-650ddb50aada,Station Wagon/Sport Utility Vehicle,INFI -CAR/SUV,,2018,1,Licensed,0,Center Back End,Center Back End,,,,N,Unspecified,Unspecified
8709512,357834,6/25/2014,13:28,1,SPORT UTILITY / STATION WAGON,,,,,,0,,,,,,,Turning Improperly,
19140764,4229500,10/23/2019,17:35,0cc578ac-d300-48e2-8dfe-f7a2c84710d0,Bus,MCI,,2007,1,Licensed,0,Right Side Doors,Right Side Doors,,,,N,Oversized Vehicle,Unspecified
14556578,3162196,1/31/2015,13:20,1,SPORT UTILITY / STATION WAGON,,,,,,1,,,,,,,Unspecified,
14613694,3185661,3/13/2015,16:35,1,SPORT UTILITY / STATION WAGON,,,,,,0,,,,,,,Other Vehicular,
19139722,4228835,10/24/2019,16:10,ec4902dd-2b64-4660-9fb2-8da17f6edede,Taxi,TOYT -CAR/SUV,,2018,1,Licensed,6,Left Front Quarter Panel,Left Front Bumper,,,,N,Unspecified,Unspecified
19138693,4228997,10/24/2019,11:00,dff023ad-601e-4f42-9f50-74fdfbc3c539,Station Wagon/Sport Utility Vehicle,JEEP -CAR/SUV,,2008,0,,6,Left Front Bumper,Left Front Bumper,Center Front End,Right Front Bumper,,N,Unspecified,Unspecified
10468428,105564,8/24/2013,1:30,2,SPORT UTILITY / STATION WAGON,,,,,,1,,,,,,,Unspecified,
19140953,4229546,10/24/2019,15:30,f2b6d162-748a-4adc-a143-f4b4344a04c0,Station Wagon/Sport Utility Vehicle,LEXS -CAR/SUV,,2006,1,Licensed,9,Left Side Doors,Left Rear Quarter Panel,Left Front Quarter Panel,,,N,Driver Inattention/Distraction,Passing or Lane Usage Improper
19139461,4228829,10/24/2019,15:17,761958c5-f362-4da0-8a6c-ce6624fb09e6,Station Wagon/Sport Utility Vehicle,NISS -CAR/SUV,,2018,0,,9,Center Back End,Center Back End,No Damage,No Damage,No Damage,N,Unspecified,Unspecified
19140534,4229254,10/24/2019,8:00,bdf25406-d011-4156-9abd-00ece0303658,Station Wagon/Sport Utility Vehicle,ACUR -CAR/SUV,,2014,1,Licensed,7,Right Front Bumper,Right Front Bumper,,,,N,Unspecified,Unspecified
10390831,2927675,10/23/2013,14:05,1,PASSENGER VEHICLE,,,,,,2,,,,,,,Unspecified,
14928897,3328336,11/4/2015,8:50,1,UNKNOWN,,,,,,7,,,,,,,Unspecified,
13997936,2828351,11/22/2014,1:10,1,PASSENGER VEHICLE,,,,,,9,,,,,,,Unspecified,
19138620,4229016,10/24/2019,18:25,695ccd35-6541-4038-a509-d917deb35f88,Sedan,CHEV -CAR/SUV,,2007,0,,5,No Damage,No Damage,No Damage,No Damage,No Damage,N,Unspecified,Unspecified
9354924,55329,2/26/2014,18:00,2,PASSENGER VEHICLE,,,,,,1,,,,,,,Unspecified,
10052122,2896806,8/6/2012,14:43,2,PASSENGER VEHICLE,,,,,,5,,,,,,,Failure to Yield Right-of-Way,
14557393,3162514,2/2/2015,7:00,1,PICK-UP TRUCK,,,,,,8,,,,,,,Unspecified,
17069221,3447090,5/29/2016,23:40,335921,Station Wagon/Sport Utility Vehicle,FORD -CAR/SUV,,2007,4,Licensed,6,Right Front Quarter Panel,Right Front Quarter Panel,,,,N,Unspecified,Unspecified
19139030,4228641,10/24/2019,0:03,c66db338-b23b-4d14-8b97-ac1c1213d7f4,Convertible,CHEV -CAR/SUV,,2019,1,Licensed,5,Center Front End,Center Front End,,,,N,Driver Inattention/Distraction,Following Too Closely
19138648,4229045,10/24/2019,8:00,c03295f0-5e3f-4c8c-b444-689ab03696c6,Station Wagon/Sport Utility Vehicle,HOND -CAR/SUV,,2008,2,Licensed,0,Center Back End,Center Back End,,,,N,Unspecified,Unspecified
14964834,3346392,12/3/2015,10:35,1,SPORT UTILITY / STATION WAGON,,,,,,0,,,,,,,Backing Unsafely,
13230294,240355,11/13/2012,19:00,1,PASSENGER VEHICLE,,,,,,9,,,,,,,Unspecified,
17290199,3548807,10/27/2016,15:30,989395,Sedan,MERZ -CAR/SUV,,2015,1,Licensed,1,Left Front Bumper,Left Front Bumper,Left Front Quarter Panel,No Damage,No Damage,N,Driver Inattention/Distraction,Driver Inattention/Distraction
19138652,4229047,10/24/2019,10:00,a3505c9e-a326-41ac-97f6-0eb61b1ff2b9,Motorcycle,TRUM -MCL,,2006,1,Licensed,8,Center Front End,Left Front Bumper,,,,N,Driver Inattention/Distraction,Unspecified
14096223,337460,5/17/2014,18:00,2,PASSENGER VEHICLE,,,,,,9,,,,,,,Unspecified,
19137735,4228338,10/24/2019,0:00,1729bec4-2b13-4278-904e-1014ee4904c0,Box Truck,GMC-TRUCK/BUS,,2005,2,Licensed,3,Left Front Bumper,Left Front Bumper,Center Front End,No Damage,No Damage,N,Unspecified,Unspecified
15041321,3384947,2/6/2016,22:00,1,PASSENGER VEHICLE,,,,,,9,,,,,,,Driver Inattention/Distraction,
11404477,150682,8/18/2013,23:43,1,UNKNOWN,,,,,,0,,,,,,,Unspecified,
15060850,3394807,2/24/2016,20:16,1,PASSENGER VEHICLE,,,,,,9,,,,,,,,
11399272,148094,9/25/2012,6:17,1,PASSENGER VEHICLE,,,,,,9,,,,,,,Unspecified,
19140013,4229319,10/24/2019,0:54,5d895003-fd9b-42e6-9af7-5bd0634633eb,Sedan,CHEV -CAR/SUV,,2004,1,Licensed,8,Right Front Quarter Panel,Right Front Quarter Panel,Right Side Doors,,,Unspecified,Unspecified,Unspecified
14643568,3198097,4/4/2015,17:00,1,PASSENGER VEHICLE,,,,,,7,,,,,,,Other Vehicular,
19139867,4229130,10/24/2019,18:26,4b35fd15-cab8-46ee-8a79-f1276957806e,Sedan,HYUN -CAR/SUV,,2016,1,Licensed,7,Left Side Doors,Left Side Doors,Left Rear Quarter Panel,,,N,Unspecified,Unspecified
19139344,4228680,10/24/2019,2:34,809601a7-5678-415b-ada4-7baae2d93579,Sedan,AUDI -CAR/SUV,,2005,1,Licensed,3,Center Front End,Center Front End,Right Front Bumper,Left Front Bumper,,N,Unsafe Speed,Following Too Closely
17230228,3478327,7/1/2016,18:30,472470,4 dr sedan,HOND -CAR/SUV,,2000,1,Licensed,2,Center Front End,Right Front Bumper,Left Front Bumper,,,N,Unspecified,Unspecified
13248667,1018714,9/4/2014,15:35,2,PASSENGER VEHICLE,,,,,,5,,,,,,,Unspecified,
17359524,3569892,11/29/2016,17:30,1133625,Sedan,TOYT -CAR/SUV,,2010,2,Licensed,2,Center Back End,Center Back End,Center Front End,,,N,Unspecified,Unspecified
13983511,275653,4/12/2013,11:35,2,PASSENGER VEHICLE,,,,,,0,,,,,,,Unspecified,
14832968,3280357,8/18/2015,23:13,1,TAXI,,,,,,8,,,,,,,Fatigued/Drowsy,
10775018,117048,10/8/2012,18:30,1,PASSENGER VEHICLE,,,,,,3,,,,,,,Other Electronic Device,
12860597,2816400,10/30/2014,10:45,1,PASSENGER VEHICLE,,,,,,2,,,,,,,Unspecified,
16985166,3419058,4/16/2016,3:20,146852,4 dr sedan,CHEV -CAR/SUV,CHEV IMP,2009,0,,0,Left Rear Quarter Panel,Left Rear Quarter Panel,Left Side Doors,,,N,1,Unspecified
9799165,75306,10/6/2013,12:06,2,PASSENGER VEHICLE,,,,,,5,,,,,,,Unspecified,
11739868,164112,8/30/2012,22:27,2,PASSENGER VEHICLE,,,,,,6,,,,,,,Unspecified,
19140014,4229319,10/24/2019,0:54,423103db-fb5e-4287-9de2-1e0d2ba8f9d0,Taxi,TOYT -CAR/SUV,,2015,1,Licensed,3,Left Front Bumper,Left Front Bumper,,,,Unspecified,Passing or Lane Usage Improper,Unsafe Lane Changing
14630447,3192528,3/26/2015,8:10,1,PASSENGER VEHICLE,,,,,,4,,,,,,,Driver Inattention/Distraction,
10166967,320118,4/13/2014,14:05,2,PASSENGER VEHICLE,,,,,,8,,,,,,,Backing Unsafely,
13980894,274416,12/19/2012,22:15,2,SPORT UTILITY / STATION WAGON,,,,,,6,,,,,,,Unspecified,
13241204,244665,12/24/2013,19:26,2,PASSENGER VEHICLE,,,,,,3,,,,,,,Physical Disability,
17040687,3448944,5/19/2016,19:30,300300,Station Wagon/Sport Utility Vehicle,FORD -CAR/SUV,,2001,7,Licensed,4,Left Front Quarter Panel,Left Front Quarter Panel,,,,N,Unspecified,Unspecified
12846607,225436,9/22/2013,17:20,2,UNKNOWN,,,,,,6,,,,,,,Unspecified,
19139683,4228977,10/24/2019,16:00,425d0fd9-37bf-4af3-bb22-da0aff1014ce,Sedan,TOYT -CAR/SUV,,2018,0,Licensed,8,Right Rear Bumper,Right Rear Bumper,Center Back End,,,N,Backing Unsafely,Unspecified
19139782,4229147,10/24/2019,15:30,d01132fc-d5d3-4d67-8222-f207d513066b,PSH,JODE -CAR/SUV,,2018,1,Licensed,9,Right Front Bumper,Right Front Bumper,No Damage,No Damage,No Damage,N,Unspecified,Unspecified
19139172,4228802,10/24/2019,4:30,7ff41eab-af4a-4527-a9e4-943523d40b4f,Station Wagon/Sport Utility Vehicle,MERZ -CAR/SUV,,2010,0,,7,Left Rear Quarter Panel,Left Side Doors,Left Front Quarter Panel,Left Rear Bumper,Left Front Bumper,N,Other Vehicular,Other Vehicular
17302204,3559498,11/12/2016,16:20,1063506,Station Wagon/Sport Utility Vehicle,HYUNDAI,,2006,2,,6,Right Side Doors,Right Side Doors,Right Rear Quarter Panel,,,N,Unspecified,Unspecified
19139412,4228688,10/24/2019,0:00,ad1708d2-37eb-4325-9512-b0a9f725db6c,Sedan,TOYT -CAR/SUV,,2003,1,Licensed,2,Left Rear Bumper,Left Rear Bumper,,,,N,Unsafe Lane Changing,Failure to Yield Right-of-Way
19140877,4229716,10/24/2019,12:00,fd2f7242-9e96-4f75-a6b7-ae875eb3fa84,,,,,,,8,,,,,,Unspecified,,
11569003,338337,5/20/2014,0:43,2,PASSENGER VEHICLE,,,,,,0,,,,,,,Unspecified,
14966930,3347439,12/4/2015,18:00,2,SPORT UTILITY / STATION WAGON,,,,,,7,,,,,,,Unspecified,
19139897,4229180,10/24/2019,9:15,bbccc095-25b3-4e06-bd6f-c30af01555a9,Sedan,HOND -CAR/SUV,,2008,1,Licensed,0,Left Rear Quarter Panel,Left Rear Quarter Panel,Left Rear Bumper,,,N,Unspecified,Unspecified
17317840,3523873,9/20/2016,17:00,820472,Sedan,HOND -CAR/SUV,,2004,2,Licensed,0,Center Front End,Center Front End,,,No Damage,N,Unspecified,Unspecified
19140588,4229363,10/24/2019,19:30,da1113d1-fe17-41db-827b-23db7d9363e4,Station Wagon/Sport Utility Vehicle,GMC -CAR/SUV,,2020,1,Licensed,0,Left Front Bumper,Center Front End,,,,N,Unspecified,Unspecified
19138515,4228940,10/24/2019,17:40,4bfeb2dc-787e-4fa4-bbbe-97ec5f33ebef,Bike,,,,1,,8,Center Front End,Center Front End,,,,N,Traffic Control Disregarded,View Obstructed/Limited
11051578,131245,12/17/2012,6:45,3,PASSENGER VEHICLE,,,,,,6,,,,,,,Unspecified,
11751368,169563,12/5/2013,6:35,1,PASSENGER VEHICLE,,,,,,0,,,,,,,Unspecified,
8481737,8388,9/21/2013,11:44,1,OTHER,,,,,,7,,,,,,,,
12957810,229884,2/22/2013,16:47,1,OTHER,,,,,,9,,,,,,,Unspecified,
14816768,3272377,8/5/2015,18:00,1,PASSENGER VEHICLE,,,,,,6,,,,,,,Driver Inattention/Distraction,
19138757,4228831,10/24/2019,9:29,21663e04-d016-4f23-85f1-50fc7313acc5,Station Wagon/Sport Utility Vehicle,FORD -CAR/SUV,,2013,1,Licensed,9,Center Front End,No Damage,No Damage,No Damage,No Damage,N,Following Too Closely,Unspecified
11050271,130571,9/27/2012,14:24,1,SPORT UTILITY / STATION WAGON,,,,,,5,,,,,,,Unspecified,
19140855,4229599,10/24/2019,16:35,b4bd93b3-5d78-42f0-b408-7ddf74ccc649,Sedan,ACUR -CAR/SUV,,2019,1,Licensed,8,Right Front Bumper,Right Front Bumper,Center Front End,,,N,Following Too Closely,Unspecified
19139481,4228930,10/24/2019,3:51,eaff3acf-723a-4f65-874c-4502f7faaa5f,Taxi,TOYT -CAR/SUV,,2017,1,Licensed,8,Right Rear Quarter Panel,Right Rear Quarter Panel,Right Side Doors,No Damage,No Damage,N,Unspecified,Unspecified
13644988,3078867,8/17/2012,14:30,2,PASSENGER VEHICLE,,,,,,7,,,,,,,Turning Improperly,
9294850,1347686,10/1/2014,20:39,2,PASSENGER VEHICLE,,,,,,8,,,,,,,Unspecified,
8702552,18861,4/22/2013,1:11,1,TAXI,,,,,,8,,,,,,,Traffic Control Disregarded,
19139029,4228641,10/24/2019,0:03,062d4a77-3e37-4834-924b-00c5f91d0407,Sedan,DODG -CAR/SUV,,2016,1,Licensed,9,Center Back End,Center Back End,,,,N,Unspecified,Unspecified
13411149,247289,10/18/2012,15:30,2,UNKNOWN,,,,,,8,,,,,,,Unspecified,