UNIQUE_ID,COLLISION_ID,CRASH_DATE,CRASH_TIME,VEHICLE_ID,VEHICLE_TYPE,VEHICLE_MAKE,VEHICLE_MODEL,VEHICLE_YEAR,VEHICLE_OCCUPANTS,DRIVER_LICENSE_STATUS,PRE_CRASH_NUM,POINT_OF_IMPACT,VEHICLE_DAMAGE,VEHICLE_DAMAGE_1,VEHICLE_DAMAGE_2,VEHICLE_DAMAGE_3,PUBLIC_PROPERTY_DAMAGE,CONTRIBUTING_FACTOR_1,CONTRIBUTING_FACTOR_2
12182963,191864,9/14/2012,9:40,2,BICYCLE,,,,,,1,,,,,,,Unspecified,
9442260,2855283,11/10/2014,16:30,2,PASSENGER VEHICLE,,,,,,0,,,,,,,Fatigued/Drowsy,
9504560,61182,7/16/2013,10:25,1,LIVERY VEHICLE,,,,,,5,,,,,,,Unspecified,
19140144,4229397,10/24/2019,22:00,533df8c1-b5e8-4845-a545-b1be5889e45c,Taxi,TOYT -CAR/SUV,,2014,1,Licensed,2,Left Front Bumper,No Damage,,,,N,Failure to Yield Right-of-Way,Unspecified
19140761,4229506,10/24/2019,15:30,7f4b5cda-191c-4416-8053-78d6ea95d7f2,Station Wagon/Sport Utility Vehicle,CHEV -CAR/SUV,,2015,1,Licensed,6,Left Rear Bumper,Left Rear Bumper,,,,N,Unspecified,Unspecified
9401903,1013350,8/25/2014,8:40,2,SMALL COM VEH(4 TIRES),,,,,,3,,,,,,,Unspecified,
14770353,3250653,7/1/2015,11:15,1,PASSENGER VEHICLE,,,,,,2,,,,,,,Other Vehicular,
9349524,52710,9/13/2012,18:15,2,SPORT UTILITY / STATION WAGON,,,,,,0,,,,,,,Unspecified,
19139006,4228841,10/24/2019,16:00,7c166a3a-aadc-4044-8739-6ad9c5794e13,Taxi,TOYT -CAR/SUV,,2016,1,Licensed,3,Center Back End,Center Back End,Left Rear Bumper,Right Rear Bumper,,N,Unspecified,Unspecified
19139718,4228837,10/24/2019,16:00,73df439a-c967-4e07-851e-9a54c8204cf8,Station Wagon/Sport Utility Vehicle,JEEP -CAR/SUV,,2018,1,Licensed,7,Center Front End,Center Front End,Left Front Bumper,Right Front Bumper,,N,Driver Inattention/Distraction,Unspecified
19140020,4229317,10/24/2019,22:32,ad3cb643-da7d-48a2-bfd3-d58a1ab01701,Sedan,MERZ -CAR/SUV,,2016,0,Licensed,2,Right Front Quarter Panel,Right Front Quarter Panel,Right Front Quarter Panel,Right Front Quarter Panel,Right Front Quarter Panel,N,Unspecified,Unspecified
17059278,3432378,4/18/2016,22:30,211564,4 dr sedan,TOYT -CAR/SUV,,2016,1,Licensed,4,Center Front End,Center Front End,Left Front Bumper,Right Front Bumper,,N,Driver Inattention/Distraction,Following Too Closely
19140003,4229101,10/24/2019,20:18,c33ef97e-13a0-4820-8260-b52b025dbeff,Sedan,INFI -CAR/SUV,,2003,1,Licensed,9,Left Front Quarter Panel,Left Front Quarter Panel,,,,N,Unspecified,Unspecified
19140135,4229379,10/24/2019,8:00,89f41d2a-0d2d-4ad6-a5eb-1b958103c895,Station Wagon/Sport Utility Vehicle,ACUR -CAR/SUV,,2008,0,,7,Right Rear Bumper,Right Rear Bumper,,,,N,Unspecified,Unspecified
14771243,3251062,7/1/2015,19:15,1,PASSENGER VEHICLE,,,,,,3,,,,,,,Driver Inattention/Distraction,
19141006,4226732,10/20/2019,0:00,bffda70a-28d8-44e0-a57f-1142c30006e7,Sedan,HOND -CAR/SUV,,2003,1,Licensed,0,Center Front End,Center Front End,Right Front Bumper,Left Front Bumper,No Damage,N,Reaction to Uninvolved Vehicle,Unspecified
8484278,316876,4/8/2014,16:00,1,PASSENGER VEHICLE,,,,,,3,,,,,,,Unspecified,
19139596,4228866,10/24/2019,19:00,d592739c-4327-4a5b-8792-3f393898ed6b,Station Wagon/Sport Utility Vehicle,FORD -CAR/SUV,,2012,1,Licensed,3,Left Rear Quarter Panel,Left Rear Quarter Panel,,,,N,Driver Inattention/Distraction,Unspecified
19140316,4229341,10/24/2019,14:15,0ab4e1ae-f51d-4f11-9f77-9ddafead64ae,Station Wagon/Sport Utility Vehicle,LEXS -CAR/SUV,,2015,1,Licensed,0,Center Back End,Center Back End,,,,N,Reaction to Uninvolved Vehicle,Unspecified
14092053,283287,9/30/2013,18:00,1,VAN,,,,,,7,,,,,,,Backing Unsafely,
19141040,4223842,10/14/2019,6:20,c8816209-34be-412b-b329-9bc28f3e7f39,Sedan,HOND -CAR/SUV,,2016,2,Licensed,0,Left Rear Quarter Panel,Center Front End,Left Front Bumper,,,N,Unspecified,Unspecified
14863630,3295565,9/9/2015,16:24,1,PASSENGER VEHICLE,,,,,,3,,,,,,,Unspecified,
9971007,83096,6/3/2013,11:51,1,PASSENGER VEHICLE,,,,,,1,,,,,,,Unspecified,
14414030,2792270,10/15/2014,1:03,2,PASSENGER VEHICLE,,,,,,1,,,,,,,Unspecified,
19139184,4228972,10/24/2019,5:53,00c2e1d5-e65c-4c49-b960-148d45118014,Pick-up Truck,CHEV -CAR/SUV,,2010,1,Licensed,8,Center Front End,No Damage,,,,N,Following Too Closely,Unspecified
14751100,3242126,6/17/2015,19:15,1,SPORT UTILITY / STATION WAGON,,,,,,3,,,,,,,Turning Improperly,
13853972,327469,4/29/2014,12:00,1,PASSENGER VEHICLE,,,,,,3,,,,,,,Unspecified,
17051542,3449110,5/17/2016,11:20,312067,FIRET,Apparatus,fdny,2016,1,Licensed,3,Right Front Bumper,Right Front Bumper,,,,N,Unspecified,Unspecified
16979884,3427207,4/21/2016,9:45,171262,Box Truck,ISU-TRUCK/BUS,,2014,1,Licensed,7,Center Back End,Center Back End,,,,N,Unspecified,Unspecified
8615147,14718,1/4/2013,17:03,1,PASSENGER VEHICLE,,,,,,3,,,,,,,Unspecified,
12459583,207435,10/17/2013,8:35,2,UNKNOWN,,,,,,4,,,,,,,Driver Inattention/Distraction,
14618777,3187790,3/16/2015,15:30,2,SPORT UTILITY / STATION WAGON,,,,,,7,,,,,,,Unspecified,
11751866,169802,12/23/2013,17:39,2,BUS,,,,,,8,,,,,,,Unspecified,
17416071,3584111,12/20/2013,20:00,1228574,Station Wagon/Sport Utility Vehicle,,,2016,2,Licensed,9,Center Front End,Center Front End,No Damage,No Damage,No Damage,N,Unspecified,Unspecified
19140768,4229499,10/24/2019,22:00,b4c7316a-1731-4040-a483-0ec4800e1efa,Station Wagon/Sport Utility Vehicle,AUDI -CAR/SUV,,2016,,,9,,,,,,Unspecified,Unsafe Lane Changing,Unspecified
8889014,31075,11/26/2013,13:30,1,VAN,,,,,,5,,,,,,,Unspecified,
8570487,12636,12/6/2012,12:00,1,PICK-UP TRUCK,,,,,,1,,,,,,,Fatigued/Drowsy,
12254091,196227,6/6/2013,12:05,2,LARGE COM VEH(6 OR MORE TIRES),,,,,,4,,,,,,,Unspecified,
15059712,3394221,2/24/2016,14:15,2,UNKNOWN,,,,,,0,,,,,,,Driver Inattention/Distraction,
14603474,3181449,3/5/2015,11:40,1,PASSENGER VEHICLE,,,,,,9,,,,,,,Pavement Slippery,
17366528,3585667,12/23/2016,13:14,1242309,Station Wagon/Sport Utility Vehicle,JEEP -CAR/SUV,,2015,1,Licensed,2,Center Front End,Left Front Bumper,Right Front Bumper,,,N,Traffic Control Disregarded,Unspecified
19140819,4229609,10/23/2019,14:00,3712ac0b-996e-4c33-b848-3baa2655976f,Box Truck,INTL-TRUCK/BUS,,2018,1,Licensed,5,Right Rear Bumper,No Damage,,,,N,Driver Inattention/Distraction,Unsafe Lane Changing
10530015,313563,4/1/2014,11:59,2,PASSENGER VEHICLE,,,,,,6,,,,,,,Unspecified,
10227843,94532,1/6/2014,11:45,1,SPORT UTILITY / STATION WAGON,,,,,,6,,,,,,,Unspecified,
14808298,3268242,7/31/2015,15:15,1,SPORT UTILITY / STATION WAGON,,,,,,7,,,,,,,Unspecified,
19140511,4229214,10/24/2019,14:45,6bccde88-7322-4fe6-a721-79e039ca1dea,Sedan,TOYT -CAR/SUV,,2019,,,9,,,,,,N,Following Too Closely,Passing or Lane Usage Improper
19138663,4229055,10/24/2019,15:09,33607457-7fe4-4b38-8624-7924fddfca94,Bus,IVEC-TRUCK/BUS,,2011,1,Licensed,5,Right Front Bumper,Right Front Bumper,No Damage,No Damage,No Damage,N,Driver Inattention/Distraction,Unspecified
19140853,4229041,10/24/2019,11:55,e12b28e2-6a83-494e-92e0-e99c55e2817f,,,,,,,4,,,,,,Unspecified,,
19140587,4229363,10/24/2019,19:30,caa1864e-3c63-4ae5-b001-cc11e24c7cd9,Station Wagon/Sport Utility Vehicle,JEEP -CAR/SUV,,2013,1,Licensed,9,Center Back End,Center Back End,,,,N,Unspecified,Unspecified
14835817,3281741,8/20/2015,14:11,2,SPORT UTILITY / STATION WAGON,,,,,,0,,,,,,,Alcohol Involvement,
14800724,3264554,7/24/2015,14:00,2,PASSENGER VEHICLE,,,,,,5,,,,,,,Unspecified,
13994797,995236,7/18/2014,14:00,2,SPORT UTILITY / STATION WAGON,,,,,,1,,,,,,,Unspecified,
19140767,4229499,10/24/2019,22:00,04a97373-cb90-4904-b7d9-cf0ec94ac725,Sedan,TOYT -CAR/SUV,,2016,1,Licensed,4,Right Front Quarter Panel,Right Front Quarter Panel,,,,Unspecified,Unspecified,Unspecified
19140229,4229323,10/24/2019,15:00,6543d0f1-c441-40bc-9b1b-e48626e2c9b2,Station Wagon/Sport Utility Vehicle,FORD -CAR/SUV,,2011,0,Licensed,6,Center Back End,Center Back End,Left Rear Bumper,Right Rear Bumper,No Damage,N,Unspecified,Unspecified
9121974,41055,4/26/2013,15:45,2,BUS,,,,,,6,,,,,,,Unspecified,
19141041,4229625,10/22/2019,21:10,8dedd5a6-e3df-4d17-a660-1f35a3118ca5,Station Wagon/Sport Utility Vehicle,JEEP -CAR/SUV,,2017,1,Licensed,0,Right Rear Quarter Panel,Right Rear Quarter Panel,Right Side Doors,Right Front Quarter Panel,Center Front End,N,Unspecified,Unspecified
13991824,308696,3/20/2014,10:16,1,VAN,,,,,,2,,,,,,,Unspecified,
9723806,1024828,9/14/2014,20:50,1,OTHER,,,,,,0,,,,,,,Other Vehicular,
19139864,4228840,10/24/2019,16:30,1896e790-b806-4516-b391-d070c497a228,Station Wagon/Sport Utility Vehicle,FORD -CAR/SUV,,2017,2,Licensed,3,Left Front Bumper,Left Front Quarter Panel,No Damage,No Damage,No Damage,N,Passing or Lane Usage Improper,Unspecified
10958843,2950044,11/23/2012,5:45,1,SPORT UTILITY / STATION WAGON,,,,,,9,,,,,,,Unspecified,
19139869,4229122,10/24/2019,19:00,1c8fe779-63de-4bfa-a7d4-4e12c40f7177,Station Wagon/Sport Utility Vehicle,MNNI -CAR/SUV,,2016,1,Licensed,3,Left Rear Bumper,Left Rear Bumper,,,,N,Backing Unsafely,Backing Unsafely
19138709,4229070,10/24/2019,19:55,b8c1f7ff-142a-47e0-864b-e2bc56e1202a,Station Wagon/Sport Utility Vehicle,JEEP -CAR/SUV,,1998,1,Licensed,9,Right Side Doors,Right Side Doors,Right Rear Quarter Panel,,,N,Turning Improperly,Unspecified
19138897,4228919,10/24/2019,7:52,cbf21805-3504-4fda-9c7e-bc4605b525f4,Station Wagon/Sport Utility Vehicle,FORD -CAR/SUV,,2011,4,Licensed,9,Center Front End,Center Front End,Left Front Bumper,Right Front Bumper,,N,Driver Inattention/Distraction,Unspecified
17417964,3530779,10/1/2016,19:00,872804,Convertible,BMW -CAR/SUV,,2000,1,Licensed,7,Center Front End,Center Front End,Right Front Bumper,Left Front Bumper,,N,Following Too Closely,Unspecified
19139726,4228836,10/24/2019,18:15,cfda0287-ebbd-45ed-abad-dc91f39858c2,Station Wagon/Sport Utility Vehicle,TOYT -CAR/SUV,,2015,1,Licensed,3,Center Back End,Right Rear Bumper,Left Rear Bumper,,,N,Unspecified,Unspecified
19138474,4228697,10/24/2019,8:40,736576eb-4791-44c2-a6a7-588d37b461c5,Station Wagon/Sport Utility Vehicle,NISS -CAR/SUV,,2017,1,Licensed,0,Center Back End,Center Back End,,,,N,Unspecified,Unspecified
14840763,3284196,8/25/2015,15:12,2,UNKNOWN,,,,,,5,,,,,,,Driver Inattention/Distraction,
13987692,3102479,9/28/2013,19:30,1,SPORT UTILITY / STATION WAGON,,,,,,6,,,,,,,Unspecified,
17180011,3479036,7/12/2016,17:00,516630,4 dr sedan,BUIC -CAR/SUV,,2003,1,Licensed,2,Center Front End,No Damage,No Damage,No Damage,No Damage,N,Driver Inattention/Distraction,Unspecified
14704595,3222994,5/18/2015,16:00,1,PASSENGER VEHICLE,,,,,,3,,,,,,,Unspecified,
19139185,4228975,10/24/2019,11:50,68bcd263-1f27-46bf-bc17-d1ac2cb0d579,Station Wagon/Sport Utility Vehicle,JEEP -CAR/SUV,,2018,2,Licensed,9,Left Rear Bumper,Left Rear Bumper,Left Rear Quarter Panel,Left Side Doors,No Damage,N,Unspecified,Unspecified
14406818,300348,12/10/2013,11:29,2,OTHER,,,,,,9,,,,,,,Unspecified,
14780986,3255366,7/10/2015,15:11,1,PASSENGER VEHICLE,,,,,,4,,,,,,,Unspecified,
17248319,3489564,7/27/2016,11:45,573533,Station Wagon/Sport Utility Vehicle,TOYT -CAR/SUV,,2005,2,Licensed,6,Left Rear Quarter Panel,Left Side Doors,No Damage,No Damage,No Damage,N,Unspecified,Unspecified
12841259,223167,4/13/2013,17:00,3,SPORT UTILITY / STATION WAGON,,,,,,1,,,,,,,Unspecified,
19138516,4228938,10/24/2019,18:00,e0ada2d8-69e9-4075-a606-ca90b99a6b0e,Sedan,MNNI -CAR/SUV,,2018,1,,3,Right Rear Bumper,Right Rear Bumper,No Damage,No Damage,No Damage,N,Unspecified,Unspecified
19138359,4228501,10/24/2019,6:30,75d20176-992d-4b19-8f75-ea47d044cec5,Sedan,HOND -CAR/SUV,,2012,0,,2,Left Front Quarter Panel,Left Front Quarter Panel,Left Front Bumper,,,N,Unspecified,Unspecified
19139187,4228976,10/24/2019,12:20,47ba6bf7-115a-419b-8b2a-813496e2a6c4,Station Wagon/Sport Utility Vehicle,CHEV -CAR/SUV,,2019,1,Licensed,8,Right Rear Quarter Panel,Right Rear Quarter Panel,Right Rear Bumper,No Damage,No Damage,N,Passing or Lane Usage Improper,Unspecified
19138638,4229043,10/24/2019,17:30,81905692-b673-454d-8813-267a05769b71,Station Wagon/Sport Utility Vehicle,JEEP -CAR/SUV,,2019,3,Licensed,4,Right Rear Bumper,Right Rear Bumper,No Damage,No Damage,No Damage,N,Unspecified,Unspecified
9501659,2864293,11/15/2012,9:15,1,PASSENGER VEHICLE,,,,,,5,,,,,,,Unspecified,
11403470,150171,6/11/2013,9:08,1,PICK-UP TRUCK,,,,,,5,,,,,,,Unspecified,
19139092,4229024,10/24/2019,10:58,f6a76297-49a6-47fe-ac75-be8179954238,Taxi,LEXS -CAR/SUV,,2010,0,Licensed,6,Right Front Quarter Panel,Right Front Quarter Panel,,,,N,Unspecified,Unspecified
19140838,4229620,10/24/2019,14:35,21942ffb-1796-42e2-b265-03328de2ffd8,Pick-up Truck,HOND -CAR/SUV,,2019,1,Licensed,2,Center Front End,Center Front End,,,,N,Following Too Closely,Unspecified
17069825,3451834,5/19/2016,7:30,290988,4 dr sedan,BMW -CAR/SUV,,2015,1,Licensed,5,Left Rear Bumper,Left Rear Bumper,,,,N,Unspecified,Unspecified
9625028,998774,7/23/2014,20:40,1,,,,,,,0,,,,,,,Unspecified,
11317078,2960264,9/18/2013,17:45,2,PASSENGER VEHICLE,,,,,,2,,,,,,,Unspecified,
19140987,4212369,9/24/2019,6:30,6599b5c8-2922-41a5-b59b-3a2c0b90c360,Motorcycle,KAWK -MCL,,2009,0,Licensed,7,Other,Center Front End,Center Back End,,,N,Other Vehicular,Unspecified
11049976,130426,9/7/2012,15:20,1,PASSENGER VEHICLE,,,,,,5,,,,,,,Unspecified,
19139860,4229121,10/24/2019,10:50,8cf8ab0d-ba33-43aa-83b6-28aed71e31a2,Station Wagon/Sport Utility Vehicle,TOYT -CAR/SUV,,2005,0,,5,Left Front Quarter Panel,Left Front Quarter Panel,,,,N,Unspecified,Unspecified
19140984,4229541,10/17/2019,17:30,b7cc550d-24bd-4f75-8e46-24570b0591f0,Station Wagon/Sport Utility Vehicle,FORD -CAR/SUV,,2010,1,Licensed,6,Right Front Bumper,Right Front Bumper,No Damage,No Damage,No Damage,N,Driver Inattention/Distraction,Unspecified
14516097,3145281,12/30/2014,11:50,2,PASSENGER VEHICLE,,,,,,0,,,,,,,Unspecified,
9976344,313033,3/30/2014,17:00,1,PASSENGER VEHICLE,,,,,,1,,,,,,,Unspecified,
16944245,3410568,3/31/2016,17:05,71642,4 dr sedan,HOND -CAR/SUV,HOND ACC,2009,1,Licensed,0,Left Front Quarter Panel,Left Front Quarter Panel,Left Side Doors,,,Unspecified,Driver Inattention/Distraction,Unspecified
19139196,4228988,10/24/2019,22:58,51e9814f-52a9-4d29-be5a-3dab4a1827cb,Station Wagon/Sport Utility Vehicle,BMW -CAR/SUV,,2018,1,Licensed,5,Left Rear Bumper,Left Rear Bumper,Left Rear Quarter Panel,,,N,Unspecified,Unspecified
8531818,10184,12/19/2012,17:44,2,SPORT UTILITY / STATION WAGON,,,,,,3,,,,,,,Backing Unsafely,
19139925,4229471,10/24/2019,13:43,8e916c1d-d3a3-4330-8341-9b2ccb356dbb,Station Wagon/Sport Utility Vehicle,FORD -CAR/SUV,,2006,2,Licensed,6,Other,Other,,,,N,Passing Too Closely,Passing Too Closely
19140017,4229226,10/24/2019,7:35,57174339-10ab-4b44-bf4e-83794f57d475,,,,,,,8,,,,,,Unspecified,,
17046802,3434223,5/3/2016,2:21,218839,4 dr sedan,TOYT -CAR/SUV,TOYT CAM,2014,0,,0,Right Front Bumper,Right Front Bumper,Center Front End,Right Front Quarter Panel,Right Side Doors,N,Aggressive Driving/Road Rage,Unsafe Speed
11753375,170509,2/17/2014,14:00,2,UNKNOWN,,,,,,1,,,,,,,Unspecified,
19138918,4228716,10/24/2019,10:50,90f91ec0-2ac3-4614-93d7-49d822181b1d,Sedan,BMW -CAR/SUV,,2011,1,Licensed,4,Left Front Bumper,Left Front Bumper,,,,N,Unsafe Lane Changing,Unspecified
19139429,4228911,10/24/2019,17:00,1a8987bc-728a-4cfb-83d8-858562955ff6,Station Wagon/Sport Utility Vehicle,LINC -CAR/SUV,,2007,1,Licensed,7,Right Front Quarter Panel,No Damage,,,,N,Driver Inattention/Distraction,Unsafe Lane Changing
19139705,4228760,10/24/2019,8:30,5e131729-8c8a-49b4-a443-cab505e80ccc,,,,,,,1,,,,,,N,,
19140292,4229285,10/24/2019,17:05,e3425897-634c-4e95-88bd-47269a86c484,Sedan,TOYT -CAR/SUV,,2005,2,Licensed,8,Left Front Bumper,Left Front Bumper,,,,N,Driver Inattention/Distraction,Unspecified
9124664,42432,8/17/2013,17:30,1,TAXI,,,,,,3,,,,,,,Backing Unsafely,
14991844,3359993,12/23/2015,14:25,1,SPORT UTILITY / STATION WAGON,,,,,,7,,,,,,,Unspecified,
17159175,3534470,10/4/2016,19:00,886715,Sedan,HOND -CAR/SUV,,2013,0,,4,Left Front Bumper,Left Front Bumper,Left Front Quarter Panel,No Damage,No Damage,N,Unspecified,Unspecified
12004878,184254,12/18/2013,16:45,2,PASSENGER VEHICLE,,,,,,5,,,,,,,Unspecified,
19140019,4229235,10/24/2019,8:00,386974eb-f156-42cf-a6b9-2bb6649567fe,Pick-up Truck,DELO -CAR/SUV,,2014,1,Licensed,6,Other,Other,Other,Other,Other,N,Unspecified,Unspecified
13251138,3047030,11/24/2014,10:10,1,PASSENGER VEHICLE,,,,,,3,,,,,,,Unspecified,
15068520,3398666,2/29/2016,10:00,1,PASSENGER VEHICLE,,,,,,1,,,,,,,Driver Inattention/Distraction,
19139944,4229408,10/24/2019,19:30,1c124a5e-6837-4421-adfe-ac784c945140,Station Wagon/Sport Utility Vehicle,TOYT -CAR/SUV,,2016,1,Licensed,3,Left Rear Bumper,Left Rear Quarter Panel,Left Rear Bumper,No Damage,No Damage,N,Unspecified,Unspecified
19140504,4229213,10/24/2019,10:30,661ef41c-74c8-4672-a480-5fa3747ff640,Station Wagon/Sport Utility Vehicle,MERZ -CAR/SUV,,2020,1,Licensed,9,Center Front End,Center Front End,No Damage,No Damage,No Damage,N,Driver Inattention/Distraction,Unspecified
10230403,2919537,8/25/2014,12:45,1,PASSENGER VEHICLE,,,,,,3,,,,,,,Turning Improperly,
19139177,4229062,10/24/2019,17:36,73a323ce-3de7-43a3-8c85-fc00ecdcf34f,Tractor Truck Diesel,MACK-TRUCK/BUS,,2015,1,Licensed,9,Right Front Quarter Panel,Right Front Quarter Panel,Right Side Doors,,,N,Unspecified,Unspecified
19138904,4228922,10/24/2019,13:45,8aec69a0-e0d0-4b0d-98a6-f5b00f5761ea,Sedan,TESL -CAR/SUV,,2014,3,Licensed,7,Center Back End,Center Back End,No Damage,No Damage,No Damage,N,Unspecified,Unspecified
19140670,4229696,10/24/2019,22:20,8458254f-d41f-49bb-9f53-a1ab71a11bd2,Station Wagon/Sport Utility Vehicle,DODG -CAR/SUV,,2006,1,,8,Center Front End,Center Front End,,,,N,Driver Inattention/Distraction,Driver Inattention/Distraction
19140680,4229693,10/19/2019,14:33,8a2877b2-231f-4453-840f-51dc2fbfdfc7,Sedan,HOND -CAR/SUV,,2010,0,,7,Right Rear Quarter Panel,Right Rear Bumper,No Damage,No Damage,No Damage,N,Backing Unsafely,Unspecified
12844827,224678,7/28/2013,15:30,2,SPORT UTILITY / STATION WAGON,,,,,,6,,,,,,,Unspecified,
15032299,3380359,1/30/2016,9:30,3,SPORT UTILITY / STATION WAGON,,,,,,5,,,,,,,Unspecified,
19139009,4228767,10/24/2019,0:00,8c714da2-b671-4b37-8290-28861699171d,Pick-up Truck,FORD -CAR/SUV,,2016,1,Licensed,8,Right Front Quarter Panel,Right Front Quarter Panel,Right Side Doors,Right Rear Quarter Panel,,N,Driver Inattention/Distraction,Passing Too Closely
9882056,327096,4/28/2014,18:20,2,LIVERY VEHICLE,,,,,,6,,,,,,,Unspecified,
19138919,4228716,10/24/2019,10:50,ebf97cb3-ec05-4a3b-887f-cc5a639c3989,Bus,FORD-TRUCK/BUS,,2012,1,Licensed,1,Right Front Quarter Panel,Right Front Quarter Panel,,,,N,Unspecified,Unspecified
10774699,116894,9/18/2012,11:42,1,PASSENGER VEHICLE,,,,,,8,,,,,,,Driver Inattention/Distraction,
19139734,4228885,10/24/2019,20:35,0919a5e2-2cb9-48f2-99ed-9bb288786065,Bike,,,,1,,1,Center Front End,Center Front End,,,,N,Unspecified,Unspecified
11158954,136608,12/9/2012,15:30,2,SPORT UTILITY / STATION WAGON,,,,,,0,,,,,,,Unspecified,
15058774,3393745,2/22/2016,20:26,1,PASSENGER VEHICLE,,,,,,0,,,,,,,Fatigued/Drowsy,
9281096,48802,5/31/2013,12:00,1,PASSENGER VEHICLE,,,,,,9,,,,,,,Unspecified,
8998841,35602,7/26/2013,8:25,1,SPORT UTILITY / STATION WAGON,,,,,,9,,,,,,,Unspecified,
17173409,3504205,8/21/2016,21:10,684864,Sedan,HOND -CAR/SUV,,2016,4,Licensed,2,Right Front Quarter Panel,Right Front Quarter Panel,Right Side Doors,Right Rear Quarter Panel,No Damage,N,Failure to Yield Right-of-Way,Turning Improperly
8483579,9242,2/12/2014,12:28,1,VAN,,,,,,5,,,,,,,Unspecified,
12136389,191164,1/1/2014,14:00,1,SPORT UTILITY / STATION WAGON,,,,,,6,,,,,,,Unspecified,
19140672,4229691,10/24/2019,20:42,a78f1de0-7e2f-42b3-967c-e0606ed7b915,Sedan,HYUN -CAR/SUV,,2016,1,Licensed,6,Left Rear Bumper,Left Rear Bumper,No Damage,No Damage,No Damage,N,Unspecified,Unspecified
9620578,66499,8/15/2012,20:20,1,SPORT UTILITY / STATION WAGON,,,,,,9,,,,,,,Unspecified,
19138752,4228812,10/24/2019,0:44,1a19e131-917c-4186-be58-b40ff329fafb,Sedan,NISS -CAR/SUV,,2017,2,Licensed,3,Left Front Bumper,Left Front Bumper,Left Front Quarter Panel,,,N,Steering Failure,Unspecified
17152057,3485249,7/21/2016,7:30,545315,Station Wagon/Sport Utility Vehicle,TOYT -CAR/SUV,,2006,1,Licensed,2,Right Front Quarter Panel,Right Front Quarter Panel,,,,N,Unspecified,Unspecified
17225710,3479506,7/12/2016,22:00,510437,Taxi,TOYT -CAR/SUV,,2014,1,Licensed,7,Right Rear Bumper,Right Rear Bumper,,,,N,Aggressive Driving/Road Rage,Backing Unsafely
14656447,3203429,4/15/2015,19:05,1,PASSENGER VEHICLE,,,,,,6,,,,,,,Unspecified,
19141043,4229626,10/23/2019,18:22,97bdafba-ec78-4c7d-b0d8-b03fb2934a35,Sedan,MITS -CAR/SUV,,2015,0,,3,Right Rear Bumper,Right Rear Bumper,Center Back End,No Damage,No Damage,N,Unspecified,Unspecified
13654066,262861,10/4/2013,15:09,1,PASSENGER VEHICLE,,,,,,2,,,,,,,Fatigued/Drowsy,
14726633,3232394,6/1/2015,8:50,2,PASSENGER VEHICLE,,,,,,3,,,,,,,Unspecified,
19139826,4229149,10/24/2019,20:00,cf584a9c-dc33-4575-be6d-37e4fcb03fa3,Station Wagon/Sport Utility Vehicle,AUDI -CAR/SUV,,2018,1,Licensed,9,Center Back End,Center Back End,No Damage,No Damage,No Damage,N,Driver Inattention/Distraction,Unspecified
12001719,182648,7/1/2012,8:00,2,PASSENGER VEHICLE,,,,,,1,,,,,,,Unspecified,
19139236,4228780,10/24/2019,14:05,33b1af74-93d5-4439-8002-c75ee93f5bd6,Sedan,TOYT -CAR/SUV,,2006,1,Licensed,6,Left Rear Bumper,Left Rear Bumper,,,,N,Backing Unsafely,Unspecified
12849128,226505,12/1/2013,13:34,1,PASSENGER VEHICLE,,,,,,7,,,,,,,Unspecified,
11809331,308490,3/19/2014,8:40,2,UNKNOWN,,,,,,7,,,,,,,Driver Inattention/Distraction,
12055757,306333,3/16/2014,5:20,2,UNKNOWN,,,,,,1,,,,,,,Unspecified,
17218509,3474043,6/26/2016,14:30,478562,4 dr sedan,CHEV -CAR/SUV,,2016,1,Licensed,9,Left Front Quarter Panel,Left Side Doors,Left Rear Quarter Panel,Left Rear Bumper,Left Side Doors,N,Passing Too Closely,Driver Inattention/Distraction
17158998,3459453,6/7/2016,20:50,381181,4 dr sedan,MAZD -CAR/SUV,,2014,0,,7,Right Rear Quarter Panel,Right Rear Quarter Panel,Left Rear Quarter Panel,Other,No Damage,N,Unspecified,Unspecified
19139079,4228674,10/24/2019,8:53,f8ec8201-0ab1-4b8c-8302-1ea31d8fb9a1,Sedan,DODG -CAR/SUV,,2007,1,Licensed,6,Left Front Bumper,Left Front Bumper,Center Front End,,,N,Unspecified,Unspecified
9280282,48445,5/3/2013,15:45,2,SPORT UTILITY / STATION WAGON,,,,,,0,,,,,,,Other Vehicular,
11920110,339478,5/22/2014,15:12,1,PASSENGER VEHICLE,,,,,,9,,,,,,,Unspecified,
9004084,331867,5/8/2014,11:20,1,PASSENGER VEHICLE,,,,,,9,,,,,,,Unspecified,