UNIQUE_ID,COLLISION_ID,CRASH_DATE,CRASH_TIME,VEHICLE_ID,VEHICLE_TYPE,VEHICLE_MAKE,VEHICLE_MODEL,VEHICLE_YEAR,VEHICLE_OCCUPANTS,DRIVER_LICENSE_STATUS,PRE_CRASH_NUM,POINT_OF_IMPACT,VEHICLE_DAMAGE,VEHICLE_DAMAGE_1,VEHICLE_DAMAGE_2,VEHICLE_DAMAGE_3,PUBLIC_PROPERTY_DAMAGE,CONTRIBUTING_FACTOR_1,CONTRIBUTING_FACTOR_2
19138494,4228614,10/24/2019,8:03,ae8839ab-d612-44c5-846e-de76b1e0de13,Flat Bed,,,2004,1,Licensed,0,Left Rear Quarter Panel,Left Rear Quarter Panel,,,,Unspecified,Unspecified,Unspecified
12849303,226576,12/5/2013,19:59,2,PASSENGER VEHICLE,,,,,,7,,,,,,,Unspecified,
17299157,3534953,10/6/2016,9:30,898094,Sedan,TOYT -CAR/SUV,,2014,1,Licensed,4,Center Back End,Center Back End,,,,N,Unspecified,Unspecified
19139095,4229017,10/24/2019,12:30,090bb48d-10c3-4cf4-ac87-4ca7b5311858,Sedan,FORD -CAR/SUV,,2019,1,Licensed,0,Left Front Quarter Panel,Left Front Quarter Panel,Left Front Bumper,No Damage,No Damage,N,Other Vehicular,Unspecified
19139194,4228986,10/24/2019,22:20,922b045d-c4c4-44d2-a9a7-83b9f061894e,Station Wagon/Sport Utility Vehicle,KIA -CAR/SUV,,2019,0,,2,Left Side Doors,Left Side Doors,,,,N,Unspecified,Unspecified
19140305,4229326,10/24/2019,7:00,1510bd97-09c5-4791-a277-474ef5eaade0,Sedan,MERZ -CAR/SUV,,2014,2,Licensed,7,Center Back End,Center Back End,Left Rear Bumper,Right Rear Bumper,,N,Unspecified,Unspecified
19139266,4228951,10/24/2019,14:45,fe384a58-67c0-4298-b0d3-234547477e09,Van,FRHT-TRUCK/BUS,,2014,1,Licensed,7,No Damage,No Damage,,,,N,Oversized Vehicle,Driver Inattention/Distraction
19139529,4228685,10/24/2019,9:00,a78d3274-126f-4e36-9fdb-8c996a274430,Station Wagon/Sport Utility Vehicle,TOYT -CAR/SUV,,2011,1,,8,Right Rear Quarter Panel,Right Rear Quarter Panel,,,,N,Passing or Lane Usage Improper,Unspecified
10316199,95613,9/28/2012,8:00,2,UNKNOWN,,,,,,5,,,,,,,Unspecified,
19141045,4229635,10/23/2019,17:40,12d7b074-776f-48ba-b3f9-bf3bc11880a2,Van,,,2013,1,Licensed,4,Center Front End,Center Front End,Left Front Bumper,Right Front Bumper,,N,Following Too Closely,Driver Inattention/Distraction
9967414,81654,10/29/2012,0:01,1,PASSENGER VEHICLE,,,,,,8,,,,,,,Unspecified,
19140139,4229114,10/24/2019,16:50,f6d2c434-5a2e-4fa1-85b3-0dad302ccea4,Station Wagon/Sport Utility Vehicle,BMW -CAR/SUV,,2012,1,Licensed,0,Left Front Bumper,Left Front Bumper,Center Front End,Left Front Quarter Panel,,N,Driver Inattention/Distraction,Unsafe Lane Changing
17189459,3461871,6/15/2016,12:30,407208,4 dr sedan,TOYT -CAR/SUV,,2015,1,Licensed,8,Left Rear Quarter Panel,Left Side Doors,,,,N,Unspecified,Unspecified
8790346,25774,1/22/2014,17:00,2,TAXI,,,,,,3,,,,,,,Fatigued/Drowsy,
17176482,4023058,6/13/2016,17:44,398801,Station Wagon/Sport Utility Vehicle,TOYT -CAR/SUV,,2016,1,Licensed,2,Left Rear Bumper,Left Rear Bumper,No Damage,No Damage,No Damage,Unspecified,Unspecified,Unspecified
19138841,4228942,10/24/2019,0:00,eb79d784-b32d-4b6e-a2cd-1793d3e8567e,Sedan,TOYT -CAR/SUV,,2017,1,Licensed,7,Right Front Quarter Panel,Right Front Quarter Panel,Right Front Bumper,,,N,Passing Too Closely,Unspecified
8396428,2652,5/13/2013,15:15,1,PASSENGER VEHICLE,,,,,,5,,,,,,,,
19139835,4229140,10/24/2019,18:00,a4f791b8-e368-415b-bc06-f5ce26beb488,,,,,,,0,,,,,,Unspecified,,
9134638,2809744,10/16/2014,8:30,2,TAXI,,,,,,3,,,,,,,Driver Inattention/Distraction,
19139181,4229065,10/24/2019,20:30,6324429d-4377-4c6d-8db4-be2bc478f388,Sedan,FIAT -CAR/SUV,,2015,0,Licensed,7,Right Front Quarter Panel,Right Front Quarter Panel,Right Side Doors,Right Side Doors,No Damage,N,Unspecified,Unspecified
19138577,4229077,10/24/2019,13:30,fdfc431e-a4c3-4470-924e-9d3e7b66fc7a,COM,FORD,,2019,0,,5,Left Front Quarter Panel,Left Front Quarter Panel,,,,N,Unspecified,Unspecified
12130333,2983251,12/4/2012,20:30,2,UNKNOWN,,,,,,3,,,,,,,Fatigued/Drowsy,
17200462,3473775,6/24/2016,15:06,476935,4 dr sedan,NISS -CAR/SUV,,2006,2,Licensed,6,Right Front Quarter Panel,Right Front Quarter Panel,Right Side Doors,Right Rear Quarter Panel,No Damage,N,Unspecified,Unspecified
13757881,995211,7/17/2014,18:45,2,PASSENGER VEHICLE,,,,,,8,,,,,,,Unspecified,
17324243,3587895,12/27/2016,17:30,1257283,Station Wagon/Sport Utility Vehicle,HUMM -CAR/SUV,,2005,2,Licensed,6,Center Front End,Center Front End,Center Back End,,,N,Unspecified,Unspecified
11252748,140975,8/1/2012,10:14,1,PASSENGER VEHICLE,,,,,,3,,,,,,,Unspecified,
17174969,3473366,7/2/2016,20:16,476123,Station Wagon/Sport Utility Vehicle,MERZ -CAR/SUV,,2017,2,Licensed,1,Right Rear Quarter Panel,Right Rear Quarter Panel,,,,N,Unsafe Lane Changing,Passing or Lane Usage Improper
14856669,3292101,9/4/2015,22:00,2,SPORT UTILITY / STATION WAGON,,,,,,0,,,,,,,Unspecified,
14988178,3358124,12/18/2015,23:30,1,PASSENGER VEHICLE,,,,,,5,,,,,,,Lost Consciousness,
19138665,4229058,10/24/2019,14:05,cc1bab06-fd27-47e7-a9d3-ee32dded99c9,Station Wagon/Sport Utility Vehicle,TOYT -CAR/SUV,,2015,1,Licensed,6,Right Side Doors,Right Side Doors,,,,N,Unspecified,Driver Inattention/Distraction
11622275,161075,12/30/2012,17:00,1,PASSENGER VEHICLE,,,,,,1,,,,,,,Prescription Medication,
19138210,4228469,10/24/2019,1:30,8d1fc3e7-150a-4931-9626-d725ba1dfa62,Sedan,MERZ -CAR/SUV,,2009,2,,4,Right Rear Quarter Panel,Right Rear Quarter Panel,Right Rear Bumper,,,N,Unspecified,Unspecified
2699450,1008922,8/15/2014,16:05,2,,,,,,,7,,,,,,,Unspecified,
19138898,4228920,10/24/2019,9:50,52d4053f-149b-4518-a1ea-dcd8996e8c7a,Station Wagon/Sport Utility Vehicle,AUDI -CAR/SUV,,2012,1,Licensed,1,Center Front End,Center Front End,Left Front Bumper,Right Front Bumper,Right Front Quarter Panel,N,Traffic Control Disregarded,Unspecified
19139270,4228948,10/24/2019,16:38,2823bc90-6bb0-4a37-865a-f68c892d4255,Station Wagon/Sport Utility Vehicle,NISS -CAR/SUV,,2018,3,Licensed,4,Right Front Bumper,Right Front Bumper,Right Front Quarter Panel,No Damage,No Damage,N,Unspecified,Unspecified
19139263,4228950,10/24/2019,10:30,7a5c1bb6-99cb-4fe6-b724-fd52b4e8d4e3,Station Wagon/Sport Utility Vehicle,FORD -CAR/SUV,,2017,2,Licensed,0,Right Rear Quarter Panel,Right Rear Quarter Panel,,,,N,Driver Inattention/Distraction,Unspecified
12458585,207026,8/30/2013,9:50,1,SPORT UTILITY / STATION WAGON,,,,,,2,,,,,,,Failure to Yield Right-of-Way,
19139920,4229469,10/24/2019,9:15,8bfedd0d-9841-46c5-bceb-099c1f8c34aa,Station Wagon/Sport Utility Vehicle,SUZI -CAR/SUV,,2005,1,Licensed,2,Left Rear Quarter Panel,Left Rear Quarter Panel,,,,N,Driver Inattention/Distraction,Unsafe Lane Changing
14758359,3245199,6/23/2015,4:15,1,OTHER,,,,,,0,,,,,,,Unspecified,
19139173,4228802,10/24/2019,4:30,70d3b22e-59d0-4b77-94f5-72ff576f1f5e,Station Wagon/Sport Utility Vehicle,HOND -CAR/SUV,,2005,0,,3,Left Rear Bumper,Left Rear Bumper,Left Rear Quarter Panel,Left Side Doors,Left Front Quarter Panel,N,Other Vehicular,Other Vehicular
17309994,3538182,10/11/2016,21:13,918940,Station Wagon/Sport Utility Vehicle,FORD -CAR/SUV,,2015,2,Licensed,5,Right Front Bumper,Right Front Bumper,,,,N,Driver Inattention/Distraction,Driver Inattention/Distraction
14944642,3336212,11/16/2015,17:00,1,OTHER,,,,,,4,,,,,,,Driver Inattention/Distraction,
13978366,3102097,9/1/2012,1:05,2,TAXI,,,,,,3,,,,,,,Fatigued/Drowsy,
14091389,282990,8/26/2013,22:33,2,PASSENGER VEHICLE,,,,,,8,,,,,,,Unspecified,
19693291,4322343,6/22/2020,12:30,4b223d65-3c10-4548-83b5-9c05def62f2b,AMBULANCE,AMBULANCE,,2017,0,,7,Left Side Doors,Left Side Doors,Left Rear Quarter Panel,,,N,Other Vehicular,Unspecified
19138578,4229077,10/24/2019,13:30,d0ad2c97-1ace-400d-b8f7-951ffbee674e,,,,,1,,7,,,,,,N,,
13421515,251807,8/21/2013,14:58,1,PASSENGER VEHICLE,,,,,,0,,,,,,,Unspecified,
19140584,4228838,10/24/2019,17:00,85794e97-cb64-4e27-8b12-0432f938eaa8,Sedan,NISS -CAR/SUV,,2007,0,,3,Right Rear Quarter Panel,Right Side Doors,Right Front Quarter Panel,No Damage,No Damage,N,Unspecified,Unspecified
14403309,3122713,7/8/2013,8:09,2,OTHER,,,,,,9,,,,,,,Unspecified,
17195129,3495741,8/5/2016,6:15,619139,Station Wagon/Sport Utility Vehicle,HOND -CAR/SUV,,2012,1,Licensed,2,Right Side Doors,Right Rear Quarter Panel,Right Rear Bumper,,,N,Driver Inattention/Distraction,Unspecified
17066694,3442869,5/15/2016,14:00,275335,4 dr sedan,VOLK -CAR/SUV,,2014,0,,8,Right Side Doors,Right Side Doors,Right Front Quarter Panel,,,N,Unspecified,Unspecified
10526405,108153,4/27/2013,23:00,2,PASSENGER VEHICLE,,,,,,9,,,,,,,Unspecified,
19138656,4229051,10/24/2019,10:00,748dce53-2792-4db2-a8aa-1094d2819562,Taxi,TOYT -CAR/SUV,,2017,1,Licensed,3,Left Rear Quarter Panel,Left Rear Quarter Panel,,,,N,Unspecified,Unspecified
19139528,4228684,10/24/2019,10:30,941419f9-1607-48fa-9b04-c7af3c3d05f7,Sedan,AUDI -CAR/SUV,,2018,0,Licensed,9,Center Back End,Center Back End,,,,N,Unspecified,Unspecified
9124929,42564,8/30/2013,22:15,2,PEDICAB,,,,,,5,,,,,,,Unspecified,
19138915,4228678,10/24/2019,11:45,e134b185-6474-41d3-b56d-58b816d1e0ba,Sedan,TOYT -CAR/SUV,,2011,5,Licensed,3,Center Front End,Center Front End,Left Front Bumper,Right Front Bumper,No Damage,N,Driver Inattention/Distraction,Following Too Closely
11465063,152565,8/8/2012,18:30,1,PASSENGER VEHICLE,,,,,,7,,,,,,,Unspecified,
19139878,4229172,10/24/2019,10:00,fe6de62d-e6de-4457-b6fa-bdd0ba991e91,Sedan,NISS -CAR/SUV,,2009,1,Licensed,6,Left Front Quarter Panel,Left Front Quarter Panel,,,,N,Unspecified,Unspecified
19140134,4229379,10/24/2019,8:00,db48a39a-1619-482a-b115-3538652b14c0,Bus,freig,,2006,1,Licensed,4,Left Front Quarter Panel,No Damage,,,,N,Unspecified,Unspecified
14651233,3201354,4/11/2015,22:00,2,PASSENGER VEHICLE,,,,,,5,,,,,,,Pavement Defective,
19138615,4229006,10/24/2019,17:40,f39c6ae5-c444-4bc3-b810-8ea9e80d029f,,,,,,,3,Other,No Damage,,,,Unspecified,Unspecified,Unspecified
8884419,28720,4/16/2013,11:45,1,PICK-UP TRUCK,,,,,,1,,,,,,,Unspecified,
10387372,100806,1/25/2013,19:20,2,PASSENGER VEHICLE,,,,,,6,,,,,,,Unspecified,
14897046,3312369,10/9/2015,18:05,1,SPORT UTILITY / STATION WAGON,,,,,,8,,,,,,,Reaction to Other Uninvolved Vehicle,
12360754,202789,3/8/2013,7:10,1,PASSENGER VEHICLE,,,,,,2,,,,,,,Unspecified,
19140443,4229265,10/24/2019,11:45,833fecdf-244f-4237-a219-a0caa0a36628,Station Wagon/Sport Utility Vehicle,FORD -CAR/SUV,,2019,1,Licensed,5,Right Side Doors,Right Side Doors,,,,N,Reaction to Uninvolved Vehicle,Driver Inattention/Distraction
14868731,3298118,9/16/2015,9:13,1,PASSENGER VEHICLE,,,,,,0,,,,,,,Unspecified,
15052930,3390804,2/18/2016,10:38,1,SMALL COM VEH(4 TIRES),,,,,,3,,,,,,,,
19139879,4229172,10/24/2019,10:00,3556a3fb-d15b-4980-87c1-e7d5b2a7f976,Bike,,,,1,Licensed,2,No Damage,No Damage,,,,N,Unspecified,Unspecified
9287245,51518,12/10/2013,14:50,1,PASSENGER VEHICLE,,,,,,3,,,,,,,Unspecified,
14881807,3304649,9/25/2015,18:30,2,SPORT UTILITY / STATION WAGON,,,,,,3,,,,,,,Unspecified,
8701871,18521,3/13/2013,11:40,2,SPORT UTILITY / STATION WAGON,,,,,,3,,,,,,,Unspecified,
15015346,3371800,1/15/2016,15:45,2,PASSENGER VEHICLE,,,,,,4,,,,,,,Driver Inattention/Distraction,
9134308,1033837,10/4/2014,10:50,1,PASSENGER VEHICLE,,,,,,3,,,,,,,Unspecified,
12669628,326359,4/27/2014,14:00,2,SPORT UTILITY / STATION WAGON,,,,,,4,,,,,,,Unspecified,
9350826,53355,1/12/2013,12:26,2,BICYCLE,,,,,,0,,,,,,,Unspecified,
12673909,2816384,10/29/2014,20:00,2,UNKNOWN,,,,,,3,,,,,,,Unspecified,
19140212,4229175,10/24/2019,16:00,83830900-3578-462b-a28f-c1599dca75ff,Sedan,KIA -CAR/SUV,,2009,1,Licensed,0,Right Rear Quarter Panel,Right Rear Quarter Panel,Right Rear Bumper,,,N,Unspecified,Unspecified
19138700,4229067,10/24/2019,13:15,8630cd86-1c74-48b0-96e5-e3b306d9fd1d,Bus,IVEC-TRUCK/BUS,,2006,33,Licensed,3,Right Front Quarter Panel,Right Front Quarter Panel,,,,Unspecified,Driver Inattention/Distraction,Unspecified
12250361,194552,10/18/2012,16:15,1,PASSENGER VEHICLE,,,,,,6,,,,,,,Outside Car Distraction,
19138514,4228940,10/24/2019,17:40,928a23db-3780-4287-8974-ae9ce494fd3a,Station Wagon/Sport Utility Vehicle,NISS -CAR/SUV,,2014,1,Licensed,3,Center Front End,Center Front End,Left Front Bumper,,,N,Passing or Lane Usage Improper,Passing Too Closely
12964910,232962,2/18/2014,18:00,1,OTHER,,,,,,4,,,,,,,Unspecified,
19138785,4228670,10/24/2019,7:15,97dcabd9-36c0-45db-9b4e-7be613e894a7,Sedan,BMW -CAR/SUV,,2009,1,Licensed,7,Center Front End,Center Front End,,,,N,Unspecified,Unspecified
12955190,228735,10/6/2012,8:45,1,PASSENGER VEHICLE,,,,,,0,,,,,,,Unspecified,
9355002,55366,3/10/2014,15:50,1,TAXI,,,,,,0,,,,,,,Unspecified,
19140066,4229327,10/24/2019,22:30,92881844-29d9-4040-ac26-57d4fde49a9f,Station Wagon/Sport Utility Vehicle,CHEV -CAR/SUV,,2017,3,Licensed,7,Center Back End,Left Rear Bumper,Center Back End,,,N,Unspecified,Unspecified
10467984,105354,7/6/2013,14:15,1,PASSENGER VEHICLE,,,,,,0,,,,,,,Unspecified,
11623481,161682,4/28/2013,10:50,1,PASSENGER VEHICLE,,,,,,1,,,,,,,Unspecified,
17417393,3550693,10/28/2016,12:30,1003063,Sedan,DODG -CAR/SUV,,2012,0,,0,Right Front Bumper,Other,Right Front Quarter Panel,,,N,Unspecified,Unspecified
19138935,4228905,10/24/2019,18:35,0b601fc0-c3e0-49f2-92bd-7e87f66ac9a7,E-Bik,,,,1,Permit,8,Center Front End,No Damage,No Damage,No Damage,No Damage,N,Driver Inattention/Distraction,Unspecified
19139586,4228859,10/24/2019,15:16,1c7fbedf-9804-431a-9a24-8cf9597ec79a,Station Wagon/Sport Utility Vehicle,JEEP -CAR/SUV,,2012,1,Licensed,5,Center Front End,Center Front End,,,,N,Driver Inattention/Distraction,Unspecified
8995350,33918,1/18/2013,17:46,2,OTHER,,,,,,2,,,,,,,Unspecified,
15003058,3365611,1/4/2016,9:45,1,VAN,,,,,,2,,,,,,,Unspecified,
19140720,4229523,10/23/2019,5:30,241859f5-1c6d-4b77-8069-cb24541f4cc2,Pick-up Truck,FORD -CAR/SUV,,2015,1,Licensed,9,Right Front Bumper,No Damage,No Damage,No Damage,No Damage,N,Driver Inattention/Distraction,Unspecified
17188785,3457017,6/6/2016,18:30,367616,4 dr sedan,INFI -CAR/SUV,,2007,1,Licensed,9,Center Front End,Right Front Bumper,Left Front Bumper,,,N,Reaction to Uninvolved Vehicle,Unspecified
9796954,74372,5/7/2013,17:00,1,TAXI,,,,,,4,,,,,,,Driver Inattention/Distraction,
13533419,258577,11/22/2013,13:25,2,LARGE COM VEH(6 OR MORE TIRES),,,,,,6,,,,,,,Turning Improperly,
19139598,4228878,10/24/2019,16:45,07ea3769-6c3a-458b-84f7-472b6e5a2ce2,Station Wagon/Sport Utility Vehicle,NISS -CAR/SUV,,2014,1,Licensed,1,Right Front Bumper,Right Front Bumper,,,,N,Driver Inattention/Distraction,Driver Inattention/Distraction
12551321,809387,7/13/2014,4:25,1,PASSENGER VEHICLE,,,,,,9,,,,,,,Lost Consciousness,
9502881,2864497,3/8/2013,9:20,2,PASSENGER VEHICLE,,,,,,0,,,,,,,Unspecified,
14819228,3273593,8/7/2015,22:29,2,UNKNOWN,,,,,,9,,,,,,,Unspecified,
14577650,3168335,2/11/2015,3:20,2,PASSENGER VEHICLE,,,,,,9,,,,,,,Unspecified,
13856179,1008711,8/14/2014,12:05,1,PASSENGER VEHICLE,,,,,,4,,,,,,,Unspecified,
14727985,3232903,6/3/2015,16:32,1,PASSENGER VEHICLE,,,,,,8,,,,,,,Unspecified,
14608470,3182955,3/9/2015,11:06,2,TAXI,,,,,,2,,,,,,,Other Vehicular,
17200536,3483583,7/19/2016,14:00,539057,4 dr sedan,DODG -CAR/SUV,,2014,1,,2,Left Side Doors,Left Side Doors,,,,N,Passenger Distraction,Unspecified
13751130,3090143,6/27/2013,10:30,2,PASSENGER VEHICLE,,,,,,2,,,,,,,Fatigued/Drowsy,
14921344,3324575,10/29/2015,9:30,1,PASSENGER VEHICLE,,,,,,6,,,,,,,Failure to Yield Right-of-Way,
14396433,296090,1/12/2013,9:24,1,SPORT UTILITY / STATION WAGON,,,,,,5,,,,,,,Oversized Vehicle,
19138999,4228707,10/24/2019,10:00,c753012e-e6d9-4212-bd04-8f26e45861b3,Box Truck,glbe,,2015,1,Licensed,9,Right Rear Bumper,No Damage,No Damage,No Damage,No Damage,N,Unspecified,Unspecified
19138900,4228861,10/24/2019,8:36,5a4609ba-a6bd-4c2f-982b-fec3300e1283,Sedan,TOYT -CAR/SUV,,2017,3,Licensed,2,Center Back End,Center Back End,Right Rear Bumper,Left Rear Bumper,,N,Unspecified,Unspecified
19140966,4229650,10/20/2019,9:32,5eecbd32-f250-42da-a0cb-d757f580ff4e,Sedan,HOND -CAR/SUV,,2016,1,Licensed,1,Center Back End,Center Back End,,,,N,Unspecified,Unspecified
12252080,195319,2/11/2013,12:30,1,SPORT UTILITY / STATION WAGON,,,,,,4,,,,,,,Unspecified,
13539141,1033703,10/4/2014,6:50,1,PASSENGER VEHICLE,,,,,,9,,,,,,,Unspecified,
12966361,3024089,5/5/2014,10:40,2,PASSENGER VEHICLE,,,,,,7,,,,,,,Unspecified,
19140512,4229184,10/24/2019,22:00,6d775330-14de-4bf0-b2c9-134fb997d5f0,Sedan,TOYT -CAR/SUV,,2014,1,Licensed,2,Right Front Quarter Panel,Right Front Quarter Panel,Right Rear Quarter Panel,,,N,Driver Inattention/Distraction,Unspecified
8402868,341508,5/27/2014,16:50,2,PASSENGER VEHICLE,,,,,,8,,,,,,,Backing Unsafely,
17147748,3454433,6/2/2016,14:50,351198,,UNKNOWN,,2005,1,,0,Center Front End,Other,Other,Other,Other,N,Following Too Closely,Unspecified
14778668,3254358,7/7/2015,22:09,1,SPORT UTILITY / STATION WAGON,,,,,,2,,,,,,,Unspecified,
12336462,201410,1/11/2013,15:00,2,PASSENGER VEHICLE,,,,,,7,,,,,,,Failure to Yield Right-of-Way,
17186271,3465888,6/21/2016,21:23,431381,4 dr sedan,TOYT -CAR/SUV,,1992,0,,8,Center Back End,Center Back End,Left Rear Bumper,Right Rear Bumper,Center Back End,N,Unspecified,Unspecified
19140517,4229099,10/24/2019,8:30,e21239b4-f82b-4ab3-9365-08dd1079ef14,Sedan,CHEV -CAR/SUV,,2020,,,4,Center Front End,Center Front End,,,,N,Driver Inattention/Distraction,Unspecified
13647521,260614,12/11/2012,13:00,2,PASSENGER VEHICLE,,,,,,1,,,,,,,Unspecified,
19138933,4228904,10/24/2019,14:56,8f96883d-46a5-4921-9baa-038a906650c3,Sedan,HOND -CAR/SUV,,2014,1,Licensed,8,Right Front Bumper,Right Front Bumper,No Damage,No Damage,No Damage,N,Following Too Closely,Driver Inattention/Distraction
14590772,3175158,2/24/2015,22:50,2,PASSENGER VEHICLE,,,,,,4,,,,,,,Unspecified,
19140224,4229374,10/24/2019,7:43,22acf2d7-f520-432a-b8a8-efe6d4329923,Station Wagon/Sport Utility Vehicle,HOND -CAR/SUV,,2011,1,Licensed,3,Left Side Doors,Left Front Quarter Panel,Left Front Bumper,,,N,Passing Too Closely,Unspecified
17221807,3471471,6/28/2016,7:00,460982,,,,,,,6,,,,,,Unspecified,,
19139527,4228684,10/24/2019,10:30,63a0e8dc-2701-4e54-899f-92ba84d6760a,Station Wagon/Sport Utility Vehicle,VOLV -CAR/SUV,,2019,0,Licensed,0,Center Front End,Center Front End,,,,N,Following Too Closely,Driver Inattention/Distraction
16965023,3420191,4/19/2016,12:45,160730,4 dr sedan,CHEV -CAR/SUV,CHEV SUB,2014,1,Licensed,0,Left Rear Bumper,Left Rear Bumper,,,,N,Unspecified,Unspecified
19139014,4228868,10/24/2019,16:00,bd9cb461-93f5-4251-b6c7-362ddc8e6585,,,,,,,0,,,,,,Unspecified,,
8707784,304397,3/17/2014,6:45,2,PICK-UP TRUCK,,,,,,5,,,,,,,Fatigued/Drowsy,
12137348,306349,3/12/2014,15:00,1,PASSENGER VEHICLE,,,,,,3,,,,,,,Unspecified,
19139594,4228857,10/24/2019,17:50,57d7a7d3-aeb1-4125-a395-451bd26f18ee,Flat Bed,HINO -TRUCK/BUS,,2018,0,,2,Left Rear Bumper,Left Rear Bumper,,,,N,Unspecified,Unspecified
14575619,3170189,2/15/2015,16:48,1,SPORT UTILITY / STATION WAGON,,,,,,4,,,,,,,Unspecified,
19140667,4229697,10/24/2019,10:30,0d65c302-029c-4933-af5d-248713edc733,,,,,,,4,,,,,,Unspecified,,
17259311,3497723,8/8/2016,8:10,623284,Sedan,VOLV -CAR/SUV,,1996,1,Licensed,6,Right Front Bumper,No Damage,,,,N,Unspecified,Unspecified
17378064,3558022,11/10/2016,1:00,1054902,Taxi,,,,,,9,Right Front Bumper,Left Front Bumper,Right Front Bumper,Right Front Bumper,Right Front Bumper,Unspecified,Driver Inattention/Distraction,Driver Inattention/Distraction
8886142,29609,7/9/2013,8:50,1,TAXI,,,,,,4,,,,,,,Unspecified,
12141246,2821027,11/8/2014,13:30,2,OTHER,,,,,,5,,,,,,,Lost Consciousness,
19138592,4228615,10/24/2019,8:30,f18e38ad-710b-4a41-bea8-ca29a6c35700,Pick-up Truck,DODG -CAR/SUV,,2011,1,Licensed,7,Right Front Quarter Panel,Right Front Quarter Panel,,,,N,Failure to Yield Right-of-Way,View Obstructed/Limited
14978665,3353319,12/15/2015,0:40,1,PASSENGER VEHICLE,,,,,,8,,,,,,,Traffic Control Disregarded,
17314153,3521433,9/16/2016,18:30,803517,Station Wagon/Sport Utility Vehicle,CADI -CAR/SUV,,2011,1,Licensed,6,Right Front Quarter Panel,Right Front Quarter Panel,Right Front Bumper,,,N,Unspecified,Unspecified
14970695,3349321,12/8/2015,8:20,1,PASSENGER VEHICLE,,,,,,4,,,,,,,Unspecified,
19139435,4228915,10/24/2019,20:20,44301581-2696-412a-82d5-23cd263391b8,Sedan,FORD -CAR/SUV,,2016,1,Licensed,0,Left Front Quarter Panel,Left Front Quarter Panel,Left Front Bumper,,,N,Unspecified,Unspecified
14946894,3337358,11/17/2015,13:40,2,PASSENGER VEHICLE,,,,,,7,,,,,,,Driver Inattention/Distraction,
14538888,3154923,1/17/2015,17:50,2,PASSENGER VEHICLE,,,,,,5,,,,,,,Unspecified,
19139465,4228896,10/24/2019,17:35,6591cfa0-0347-4121-ace1-a19cea1f676d,Station Wagon/Sport Utility Vehicle,DODG -CAR/SUV,,2016,1,Licensed,6,Center Front End,Left Front Bumper,Right Front Bumper,,,N,Driver Inattention/Distraction,Unspecified
17066276,3432814,4/27/2016,16:38,197480,,,,,,,5,,,,,,Unspecified,,
19139771,4229164,10/24/2019,0:00,ca339eaf-c357-4112-b8bd-08128ad9b107,Sedan,NISS -CAR/SUV,,2014,2,Licensed,6,Left Rear Bumper,Left Rear Bumper,No Damage,No Damage,No Damage,N,Driver Inattention/Distraction,Unspecified
19140047,4229092,10/24/2019,14:00,dad7ef9b-0910-4c2a-8863-06e3fbdc6a96,Sedan,LEXS -CAR/SUV,,2018,1,Licensed,3,Right Front Quarter Panel,Right Front Quarter Panel,Right Front Bumper,,,N,Backing Unsafely,Unspecified
14509138,3142388,12/24/2014,13:12,1,SPORT UTILITY / STATION WAGON,,,,,,4,,,,,,,Unspecified,
17054727,3429203,4/27/2016,11:30,195915,Box Truck,FRHT-TRUCK/BUS,,1999,1,Licensed,2,Right Front Bumper,Right Front Bumper,,,,N,Driver Inattention/Distraction,Unspecified
14763768,3247105,6/26/2015,15:00,2,SPORT UTILITY / STATION WAGON,,,,,,9,,,,,,,Unspecified,
9540179,63469,1/16/2014,9:49,2,PASSENGER VEHICLE,,,,,,8,,,,,,,Unspecified,
19139708,4228748,10/24/2019,8:00,6b5e0f4a-81a0-4f21-aef4-50df2d9b9e6a,Station Wagon/Sport Utility Vehicle,INTL -CAR/SUV,,2011,1,Licensed,8,Left Front Bumper,No Damage,,,,N,Unspecified,Unspecified
19140285,4229441,10/24/2019,18:45,89211297-477b-49f8-a09f-52b949b799a3,Sedan,TOYT -CAR/SUV,,2013,3,Licensed,4,Center Front End,Center Front End,,,,N,Driver Inattention/Distraction,Unspecified
12056267,332128,5/7/2014,8:10,2,PASSENGER VEHICLE,,,,,,2,,,,,,,Unspecified,
19138660,4229054,10/24/2019,12:00,c513af84-3268-4e62-a705-0f8ca6f87dfd,Sedan,KIA -CAR/SUV,,2006,2,Licensed,4,Center Back End,Left Rear Bumper,Right Rear Bumper,Center Back End,,N,Unspecified,Unspecified
16985332,3425991,4/23/2016,18:30,182059,4 dr sedan,TOYT -CAR/SUV,TOYT RAV,2005,0,Licensed,6,Left Rear Bumper,Left Rear Bumper,,,,N,Unspecified,Unspecified
9969512,82519,3/9/2013,14:30,2,PASSENGER VEHICLE,,,,,,5,,,,,,,Unspecified,